Sample__ID,Landcover,Hill__side,Date,Time,Scientific__name,Common_name_species,DBH (cm),Average_DBH_plot,STD_DBH_Plot,Average_DBH_Landcovertype,STD_DBH_Landcover,Basal area cm2,Cumulative_Basal_Area_perPlot,Cumulative_Basal_Area_Hectar,Average_BasalArea_Per_Ha,STD_BasalArea,Height (m),Average_Height_Plot,Average_Height_Landcovertype,STD_Height,Native,AGB Chave 2014 Eq. 4 (kg),AGB Chave Eq. 2005,AGB_Total_individual,Carbon_Stock_individual (kg),Cumulative_AGB_Plot,Cumulative_AGB_Per_Ha,Average_Biomass,STD_AGB,Average_AGC,STD_AGC,Weather,Latitudine_field_data,Longitudine_field_data,SOC,Total__N,Available__P,Air__T,Air__humidity,Soil_T,Soil_h,Soil_pH,Grass__cover,Shrubs__cover,Tree__cover,Average_densiometer_per_landcovertype,Barangay,Elevation,Mean_elevation,pH_kit
G1SB,Grassland,S,9/09/2024,8:27,,,0,0,17.3,8.65,17.3,0,0,0,5877.307375,11754.61475,0,0,,,,0,0,0,0,0,0,4019.496238,8038.992475,1889.2,3778.3,Sunny,HIDED,HIDED,NA,NA,NA,32.2,69.6,30,47.66,5.7,90-100,0-20,0-20,2.86,HIDED,177,186.75,6.5
G2NB,Grassland,N,9/09/2024,9:18,,,0,0,0,,,0,0,0,,,0,0,,,,0,0,0,0,0,0,,,0,0,Sunny/Cloudy,HIDED,HIDED,NA,NA,NA,32.2,69.9,30.33,37.33,6.46,90-100,0-20,0-20,2.86,HIDED,184,,6
G3SB,Grassland,S,9/09/2024,12:53,Cocos nucifera,Coconut,34.6,34.6,0,,,940.36918,940.36918,23509.2295,,,20,20,,,N,643.1193979,870.526943,643.1193979,302.266117,643.1193979,16077.98495,,,0,0,Sunny/Cloudy,HIDED,HIDED,NA,NA,NA,33.9,70.1,31.66666667,77,5,90-100,0-20,0-20,2.86,HIDED,192,,6
G4NB,Grassland,N,9/09/2024,10:37,,,0,0,0,,,0,0,0,,,0,0,,,,0,0,0,0,0,0,,,0,0,Cloudy,HIDED,HIDED,NA,NA,NA,33.4,70.1,30.33,70,5.4,90-100,0-20,0-20,2.86,HIDED,194,,6.5
E1SB,2 years old,S,6/09/2024,12:35,Acacia mangium,Mangium,5.7,5.7,0,4.683333333,2.1,25.520895,25.520895,638.022375,2752.637469,2833.864441,4.8,4.8,4.966666667,5,E,5.003425976,8.032868148,5.003425976,2.351610209,5.003425976,125.0856494,881.8377951,1008.137449,414.5,473.8,Sunny,HIDED,HIDED,NA,NA,NA,36.5,52.9,32.33333333,67.33333333,5.5,90-100,0-20,0-20,10.27,HIDED,201,213.1428571,5
E2NB,2 years old,N,10/09/2024,9:43,Acacia mangium,Mangium,5.1,6.683333333,1.558738806,,,20.430855,220.057825,5501.445625,,,4.7,5.566666667,,,E,3.945052672,6.011488322,3.945052672,1.854174756,51.16400392,1279.100098,,,0,0,Sunny,HIDED,HIDED,NA,NA,NA,36.7,56.7,29.33333333,31,6.033333333,90-100,0-20,0-20,10.27,HIDED,176,,6
E2NB,2 years old,N,10/09/2024,9:43,Acacia mangium,Mangium,6.7,NA,NA,,,35.261095,,,,,5.2,,,,E,7.416954097,12.27294705,7.416954097,3.485968426,,,,,0,0,Sunny,HIDED,HIDED,NA,NA,NA,36.7,56.7,29.33333333,31,6.033333333,90-100,0-20,0-20,10.27,HIDED,176,,6
E2NB,2 years old,N,10/09/2024,9:43,Acacia mangium,Mangium,8.9,NA,NA,,,62.219455,,,,,6.1,,,,E,15.08688309,25.98247017,15.08688309,7.090835052,,,,,0,0,Sunny,HIDED,HIDED,NA,NA,NA,36.7,56.7,29.33333333,31,6.033333333,90-100,0-20,0-20,10.27,HIDED,176,,6
E2NB,2 years old,N,10/09/2024,9:43,Acacia mangium,Mangium,5.8,NA,NA,,,26.42422,,,,,5.2,,,,E,5.596790102,8.406520446,5.596790102,2.630491348,,,,,0,0,Sunny,HIDED,HIDED,NA,NA,NA,36.7,56.7,29.33333333,31,6.033333333,90-100,0-20,0-20,10.27,HIDED,176,,6
E2NB,2 years old,N,10/09/2024,9:43,Acacia mangium,Mangium,8.2,NA,NA,,,52.81702,,,,,6.6,,,,E,13.88506234,20.91560664,13.88506234,6.5259793,,,,,0,0,Sunny,HIDED,HIDED,NA,NA,NA,36.7,56.7,29.33333333,31,6.033333333,90-100,0-20,0-20,10.27,HIDED,176,,6
E2NB,2 years old,N,10/09/2024,9:43,Acacia mangium,Mangium,5.4,NA,NA,,,22.90518,,,,,5.6,,,,E,5.233261621,6.975711977,5.233261621,2.459632962,,,,,0,0,Sunny,HIDED,HIDED,NA,NA,NA,36.7,56.7,29.33333333,31,6.033333333,90-100,0-20,0-20,10.27,HIDED,176,,6
E3SB,2 years old,S,6/09/2024,9:18,NA,NA,0,0,0,,,0,0,0,,,0,0,,,,NA,NA,0,NA,0,0,,,0,0,Sunny,HIDED,HIDED,NA,NA,NA,32.5,75.1,30.33,60.33,6.26,90-100,0-20,0-20,10.27,HIDED,245,,5
E4NB,2 years old,N,6/09/2024,10:40,Cocos nucifera,Coconut,8.4,6.35,1.105893304,,,55.42488,194.843275,4871.081875,,,22.8,9.5,,,N,46.10492985,21.03111104,46.10492985,21.66931703,84.92661733,2123.165433,,,0,0,Sunny,HIDED,HIDED,NA,NA,NA,36.4,56.7,29,84.66666667,5.066666667,90-100,0-20,0-20,10.27,HIDED,247,,5
E4NB,2 years old,N,6/09/2024,10:40,Acacia mangium,Mangium,6.7,NA,NA,,,35.261095,,,,,7.5,,,,E,10.60391215,12.27294705,10.60391215,4.983838711,,,,,0,0,Sunny,HIDED,HIDED,NA,NA,NA,36.4,56.7,29,84.66666667,5.066666667,90-100,0-20,0-20,10.27,HIDED,247,,5
E4NB,2 years old,N,6/09/2024,10:40,Acacia auriculiformis,Aure,6.1,NA,NA,,,29.228455,,,,,6.1,,,,E,7.150498193,9.502592996,7.150498193,3.360734151,,,,,0,0,Sunny,HIDED,HIDED,NA,NA,NA,36.4,56.7,29,84.66666667,5.066666667,90-100,0-20,0-20,10.27,HIDED,247,,5
E4NB,2 years old,N,6/09/2024,10:40,Acacia mangium,Mangium,5.9,NA,NA,,,27.343255,,,,,7,,,,E,7.734408869,8.791023065,7.734408869,3.635172168,,,,,0,0,Sunny,HIDED,HIDED,NA,NA,NA,36.4,56.7,29,84.66666667,5.066666667,90-100,0-20,0-20,10.27,HIDED,247,,5
E4NB,2 years old,N,6/09/2024,10:40,Acacia mangium,Mangium,5.7,NA,NA,,,25.520895,,,,,8.4,,,,E,8.639181823,8.032868148,8.639181823,4.060415457,,,,,0,0,Sunny,HIDED,HIDED,NA,NA,NA,36.4,56.7,29,84.66666667,5.066666667,90-100,0-20,0-20,10.27,HIDED,247,,5
E4NB,2 years old,N,6/09/2024,10:40,Acacia mangium,Mangium,5.3,NA,NA,,,22.064695,,,,,5.2,,,,E,4.693686445,6.644155488,4.693686445,2.206032629,,,,,0,0,Sunny,HIDED,HIDED,NA,NA,NA,36.4,56.7,29,84.66666667,5.066666667,90-100,0-20,0-20,10.27,HIDED,247,,5
I1SB,10 years old,S,30/08/2024,9:38,Acacia mangium,Mangium,22.8,24.02777778,9.382888402,20.57508814,10.3,408.33432,9338.550285,233463.7571,238743.0535,36492.37816,12.4,15.93333333,21.10238095,3.8,E,189.1370883,313.3033716,189.1370883,88.8944315,7253.546953,181338.6738,188098.434,33645.33012,88406.3,15813.3,Sunny,HIDED,HIDED,NA,NA,NA,31.3,72.4,28.33333333,65,6.133333333,20-40,20-40,0-20,91.16,HIDED,279,296.1354167,5
I1SB,10 years old,S,30/08/2024,9:38,Acacia mangium,Mangium,16.2,NA,NA,,,206.14662,,,,,NA,,,,E,NA,127.3424008,127.3424008,59.85092838,,,,,0,0,Sunny,HIDED,HIDED,NA,NA,NA,31.3,72.4,28.33333333,65,6.133333333,20-40,20-40,0-20,91.16,HIDED,279,,5
I1SB,10 years old,S,30/08/2024,9:38,Acacia mangium,Mangium,23.7,NA,NA,,,441.207495,,,,,16.1,,,,E,263.1959119,346.6973004,263.1959119,123.7020786,,,,,0,0,Sunny,HIDED,HIDED,NA,NA,NA,31.3,72.4,28.33333333,65,6.133333333,20-40,20-40,0-20,91.16,HIDED,279,,5
I1SB,10 years old,S,30/08/2024,9:38,Cocos nucifera,Coconut,25,NA,NA,,,490.9375,,,,,NA,,,,N,NA,375.999276,375.999276,176.7196597,,,,,0,0,Sunny,HIDED,HIDED,NA,NA,NA,31.3,72.4,28.33333333,65,6.133333333,20-40,20-40,0-20,91.16,HIDED,279,,5
I1SB,10 years old,S,30/08/2024,9:38,Acacia mangium,Mangium,30.7,NA,NA,,,740.325895,,,,,NA,,,,E,NA,678.8337142,678.8337142,319.0518457,,,,,0,0,Sunny,HIDED,HIDED,NA,NA,NA,31.3,72.4,28.33333333,65,6.133333333,20-40,20-40,0-20,91.16,HIDED,279,,5
I1SB,10 years old,S,30/08/2024,9:38,Acacia mangium,Mangium,27.6,NA,NA,,,598.36248,,,,,NA,,,,E,NA,515.5076282,515.5076282,242.2885853,,,,,0,0,Sunny,HIDED,HIDED,NA,NA,NA,31.3,72.4,28.33333333,65,6.133333333,20-40,20-40,0-20,91.16,HIDED,279,,5
I1SB,10 years old,S,30/08/2024,9:38,Mallotus mollissimus ,Hanom-o,7.4,NA,NA,,,43.01398,,,,,NA,,,,N,NA,10.53057978,10.53057978,4.949372497,,,,,0,0,Sunny,HIDED,HIDED,NA,NA,NA,31.3,72.4,28.33333333,65,6.133333333,20-40,20-40,0-20,91.16,HIDED,279,,5
I1SB,10 years old,S,30/08/2024,9:38,Acacia mangium,Mangium,17,NA,NA,,,227.0095,,,,,14.9,,,,E,127.5775934,144.6633816,127.5775934,59.9614689,,,,,0,0,Sunny,HIDED,HIDED,NA,NA,NA,31.3,72.4,28.33333333,65,6.133333333,20-40,20-40,0-20,91.16,HIDED,279,,5
I1SB,10 years old,S,30/08/2024,9:38,Trema orientalis,Anabiong,5,NA,NA,,,19.6375,,,,,NA,,,,N,NA,3.339874899,3.339874899,1.569741203,,,,,0,0,Sunny,HIDED,HIDED,NA,NA,NA,31.3,72.4,28.33333333,65,6.133333333,20-40,20-40,0-20,91.16,HIDED,279,,5
I1SB,10 years old,S,30/08/2024,9:38,Acacia mangium,Mangium,28.7,NA,NA,,,647.008495,,,,,NA,,,,E,NA,570.4361043,570.4361043,268.104969,,,,,0,0,Sunny,HIDED,HIDED,NA,NA,NA,31.3,72.4,28.33333333,65,6.133333333,20-40,20-40,0-20,91.16,HIDED,279,,5
I1SB,10 years old,S,30/08/2024,9:38,Acacia mangium,Mangium,43.3,NA,NA,,,1472.726095,,,,,18.4,,,,E,972.2879019,1629.19549,972.2879019,456.9753139,,,,,0,0,Sunny,HIDED,HIDED,NA,NA,NA,31.3,72.4,28.33333333,65,6.133333333,20-40,20-40,0-20,91.16,HIDED,279,,5
I1SB,10 years old,S,30/08/2024,9:38,Acacia mangium,Mangium,23.9,NA,NA,,,448.685455,,,,,NA,,,,E,NA,354.3951974,354.3951974,166.5657428,,,,,0,0,Sunny,HIDED,HIDED,NA,NA,NA,31.3,72.4,28.33333333,65,6.133333333,20-40,20-40,0-20,91.16,HIDED,279,,5
I1SB,10 years old,S,30/08/2024,9:38,Acacia mangium,Mangium,36.5,NA,NA,,,1046.482375,,,,,NA,,,,E,NA,1057.607743,1057.607743,497.0756392,,,,,0,0,Sunny,HIDED,HIDED,NA,NA,NA,31.3,72.4,28.33333333,65,6.133333333,20-40,20-40,0-20,91.16,HIDED,279,,5
I1SB,10 years old,S,30/08/2024,9:38,Acacia mangium,Mangium,21.6,NA,NA,,,366.48288,,,,,NA,,,,E,NA,271.9032494,271.9032494,127.7945272,,,,,0,0,Sunny,HIDED,HIDED,NA,NA,NA,31.3,72.4,28.33333333,65,6.133333333,20-40,20-40,0-20,91.16,HIDED,279,,5
I1SB,10 years old,S,30/08/2024,9:38,Acacia mangium,Mangium,19,NA,NA,,,283.5655,,,,,15.7,,,,E,166.8143482,194.0444271,166.8143482,78.40274365,,,,,0,0,Sunny,HIDED,HIDED,NA,NA,NA,31.3,72.4,28.33333333,65,6.133333333,20-40,20-40,0-20,91.16,HIDED,279,,5
I1SB,10 years old,S,30/08/2024,9:38,Acacia mangium,Mangium,22.7,NA,NA,,,404.760295,,,,,NA,,,,E,NA,309.7178743,309.7178743,145.5674009,,,,,0,0,Sunny,HIDED,HIDED,NA,NA,NA,31.3,72.4,28.33333333,65,6.133333333,20-40,20-40,0-20,91.16,HIDED,279,,5
I1SB,10 years old,S,30/08/2024,9:38,Acacia mangium,Mangium,33.6,NA,NA,,,886.79808,,,,,NA,,,,E,NA,856.0383007,856.0383007,402.3380013,,,,,0,0,Sunny,HIDED,HIDED,NA,NA,NA,31.3,72.4,28.33333333,65,6.133333333,20-40,20-40,0-20,91.16,HIDED,279,,5
I1SB,10 years old,S,30/08/2024,9:38,Acacia mangium,Mangium,27.8,NA,NA,,,607.06582,,,,,18.1,,,,E,402.8821663,525.2502446,402.8821663,189.3546182,,,,,0,0,Sunny,HIDED,HIDED,NA,NA,NA,31.3,72.4,28.33333333,65,6.133333333,20-40,20-40,0-20,91.16,HIDED,279,,5
I2NB,10 years old,N,4/09/2024,8:42,Acacia mangium,Mangium,29.3,18.67916667,10.74765815,,,674.343895,8664.575575,216614.3894,,,23.7,21.44285714,,,E,580.7487632,601.7914557,580.7487632,272.9519187,6726.599787,168164.9947,,,0,0,Sunny,HIDED,HIDED,NA,NA,NA,28.5,75.9,26,65.66666667,5.566666667,0-20,20-40,0-20,91.16,HIDED,297,,6
I2NB,10 years old,N,4/09/2024,8:42,Acacia mangium,Mangium,16.2,NA,NA,,,206.14662,,,,,16.1,,,,E,125.240178,127.3424008,125.240178,58.86288366,,,,,0,0,Sunny,HIDED,HIDED,NA,NA,NA,28.5,75.9,26,65.66666667,5.566666667,0-20,20-40,0-20,91.16,HIDED,297,,6
I2NB,10 years old,N,4/09/2024,8:42,Acacia mangium,Mangium,33.3,NA,NA,,,871.033095,,,,,23.4,,,,E,736.332778,836.588636,736.332778,346.0764057,,,,,0,0,Sunny,HIDED,HIDED,NA,NA,NA,28.5,75.9,26,65.66666667,5.566666667,0-20,20-40,0-20,91.16,HIDED,297,,6
I2NB,10 years old,N,4/09/2024,8:42,Acacia mangium,Mangium,24.6,NA,NA,,,475.35318,,,,,22.1,,,,E,385.6030862,382.1401718,385.6030862,181.2334505,,,,,0,0,Sunny,HIDED,HIDED,NA,NA,NA,28.5,75.9,26,65.66666667,5.566666667,0-20,20-40,0-20,91.16,HIDED,297,,6
I2NB,10 years old,N,4/09/2024,8:42,Acacia mangium,Mangium,37.5,NA,NA,,,1104.609375,,,,,21.5,,,,E,854.8251368,1132.881266,854.8251368,401.7678143,,,,,0,0,Sunny,HIDED,HIDED,NA,NA,NA,28.5,75.9,26,65.66666667,5.566666667,0-20,20-40,0-20,91.16,HIDED,297,,6
I2NB,10 years old,N,4/09/2024,8:42,Homalanthus populneus,Balanti,6.4,NA,NA,,,32.17408,,,,,NA,,,,N,NA,7.801308432,7.801308432,3.666614963,,,,,0,0,Sunny,HIDED,HIDED,NA,NA,NA,28.5,75.9,26,65.66666667,5.566666667,0-20,20-40,0-20,91.16,HIDED,297,,6
I2NB,10 years old,N,4/09/2024,8:42,Ficus nota ,Tibig,5.5,NA,NA,,,23.761375,,,,,NA,,,,N,NA,5.384645293,5.384645293,2.530783288,,,,,0,0,Sunny,HIDED,HIDED,NA,NA,NA,28.5,75.9,26,65.66666667,5.566666667,0-20,20-40,0-20,91.16,HIDED,297,,6
I2NB,10 years old,N,4/09/2024,8:42,Acacia mangium,Mangium,32.6,NA,NA,,,834.79798,,,,,19.2,,,,E,582.3861892,792.2161533,582.3861892,273.7215089,,,,,0,0,Sunny,HIDED,HIDED,NA,NA,NA,28.5,75.9,26,65.66666667,5.566666667,0-20,20-40,0-20,91.16,HIDED,297,,6
I2NB,10 years old,N,4/09/2024,8:42,Acacia mangium,Mangium,20.9,NA,NA,,,343.114255,,,,,NA,,,,E,NA,249.3704154,249.3704154,117.2040952,,,,,0,0,Sunny,HIDED,HIDED,NA,NA,NA,28.5,75.9,26,65.66666667,5.566666667,0-20,20-40,0-20,91.16,HIDED,297,,6
I2NB,10 years old,N,4/09/2024,8:42,Macaranga tanarius (Linn.),Minonga,6.3,NA,NA,,,31.176495,,,,,NA,,,,N,NA,8.470271103,8.470271103,3.981027418,,,,,0,0,Sunny,HIDED,HIDED,NA,NA,NA,28.5,75.9,26,65.66666667,5.566666667,0-20,20-40,0-20,91.16,HIDED,297,,6
I2NB,10 years old,N,4/09/2024,8:42,Acacia mangium,Mangium,10.3,NA,NA,,,83.333695,,,,,NA,,,,E,NA,38.2823774,38.2823774,17.99271738,,,,,0,0,Sunny,HIDED,HIDED,NA,NA,NA,28.5,75.9,26,65.66666667,5.566666667,0-20,20-40,0-20,91.16,HIDED,297,,6
I2NB,10 years old,N,4/09/2024,8:42,Acacia mangium,Mangium,28.1,NA,NA,,,620.238655,,,,,NA,,,,E,NA,540.0672479,540.0672479,253.8316065,,,,,0,0,Sunny,HIDED,HIDED,NA,NA,NA,28.5,75.9,26,65.66666667,5.566666667,0-20,20-40,0-20,91.16,HIDED,297,,6
I2NB,10 years old,N,4/09/2024,8:42,Ficus nota ,Tibig,10.9,NA,NA,,,93.325255,,,,,NA,,,,N,NA,32.74044945,32.74044945,15.38801124,,,,,0,0,Sunny,HIDED,HIDED,NA,NA,NA,28.5,75.9,26,65.66666667,5.566666667,0-20,20-40,0-20,91.16,HIDED,297,,6
I2NB,10 years old,N,4/09/2024,8:42,Acacia mangium,Mangium,22,NA,NA,,,380.182,,,,,NA,,,,E,NA,285.3110753,285.3110753,134.0962054,,,,,0,0,Sunny,HIDED,HIDED,NA,NA,NA,28.5,75.9,26,65.66666667,5.566666667,0-20,20-40,0-20,91.16,HIDED,297,,6
I2NB,10 years old,N,4/09/2024,8:42,Macaranga tanarius (Linn.),Minonga,8.1,NA,NA,,,51.536655,,,,,NA,,,,N,NA,16.42727543,16.42727543,7.720819452,,,,,0,0,Sunny,HIDED,HIDED,NA,NA,NA,28.5,75.9,26,65.66666667,5.566666667,0-20,20-40,0-20,91.16,HIDED,297,,6
I2NB,10 years old,N,4/09/2024,8:42,Radermachera pinnata,Banai-banai,11.2,NA,NA,,,98.53312,,,,,NA,,,,N,NA,41.50464658,41.50464658,19.50718389,,,,,0,0,Sunny,HIDED,HIDED,NA,NA,NA,28.5,75.9,26,65.66666667,5.566666667,0-20,20-40,0-20,91.16,HIDED,297,,6
I2NB,10 years old,N,4/09/2024,8:42,Macaranga tanarius (Linn.),Minonga,6.8,NA,NA,,,36.32152,,,,,NA,,,,N,NA,10.35310487,10.35310487,4.865959289,,,,,0,0,Sunny,HIDED,HIDED,NA,NA,NA,28.5,75.9,26,65.66666667,5.566666667,0-20,20-40,0-20,91.16,HIDED,297,,6
I2NB,10 years old,N,4/09/2024,8:42,Acacia mangium,Mangium,29.4,NA,NA,,,678.95478,,,,,NA,,,,E,NA,607.1138089,607.1138089,285.3434902,,,,,0,0,Sunny,HIDED,HIDED,NA,NA,NA,28.5,75.9,26,65.66666667,5.566666667,0-20,20-40,0-20,91.16,HIDED,297,,6
I2NB,10 years old,N,4/09/2024,8:42,Acacia mangium,Mangium,25.4,NA,NA,,,506.77318,,,,,NA,,,,E,NA,415.3926835,415.3926835,195.2345612,,,,,0,0,Sunny,HIDED,HIDED,NA,NA,NA,28.5,75.9,26,65.66666667,5.566666667,0-20,20-40,0-20,91.16,HIDED,297,,6
I2NB,10 years old,N,4/09/2024,8:42,Acacia mangium,Mangium,31.9,NA,NA,,,799.332655,,,,,24.1,,,,E,696.877367,749.2496445,696.877367,327.5323625,,,,,0,0,Sunny,HIDED,HIDED,NA,NA,NA,28.5,75.9,26,65.66666667,5.566666667,0-20,20-40,0-20,91.16,HIDED,297,,6
I2NB,10 years old,N,4/09/2024,8:42,Artocarpus blancoi,Antipolo,5.4,NA,NA,,,22.90518,,,,,NA,,,,N,NA,5.659539906,5.659539906,2.659983756,,,,,0,0,Sunny,HIDED,HIDED,NA,NA,NA,28.5,75.9,26,65.66666667,5.566666667,0-20,20-40,0-20,91.16,HIDED,297,,6
I2NB,10 years old,N,4/09/2024,8:42,Ficus nota ,Tibig,5.1,NA,NA,,,20.430855,,,,,NA,,,,N,NA,4.42354801,4.42354801,2.079067565,,,,,0,0,Sunny,HIDED,HIDED,NA,NA,NA,28.5,75.9,26,65.66666667,5.566666667,0-20,20-40,0-20,91.16,HIDED,297,,6
I2NB,10 years old,N,4/09/2024,8:42,Acacia mangium,Mangium,23.4,NA,NA,,,430.10838,,,,,NA,,,,E,NA,335.3400636,335.3400636,157.6098299,,,,,0,0,Sunny,HIDED,HIDED,NA,NA,NA,28.5,75.9,26,65.66666667,5.566666667,0-20,20-40,0-20,91.16,HIDED,297,,6
I2NB,10 years old,N,4/09/2024,8:42,Acacia mangium,Mangium,17.7,NA,NA,,,246.089295,,,,,NA,,,,E,NA,160.9438274,160.9438274,75.64359888,,,,,0,0,Sunny,HIDED,HIDED,NA,NA,NA,28.5,75.9,26,65.66666667,5.566666667,0-20,20-40,0-20,91.16,HIDED,297,,6
I3SB,10 years old,S,4/09/2024,10:27,Macaranga tanarius (Linn.),Minonga,14.2,16.30645161,9.321978884,,,158.38822,8522.588595,213064.7149,,,NA,24.06666667,,,N,NA,72.86133111,72.86133111,34.24482562,6616.489475,165412.2369,,,0,0,Sunny/Cloudy/occasional wind,HIDED,HIDED,NA,NA,NA,30.8,77.1,28,68.33333333,5.666666667,0-20,20-40,0-20,91.16,HIDED,307,,5.5
I3SB,10 years old,S,4/09/2024,10:27,Acacia mangium,Mangium,25.1,NA,NA,,,494.872855,,,,,NA,,,,E,NA,402.7286344,402.7286344,189.2824582,,,,,0,0,Sunny/Cloudy/occasional wind,HIDED,HIDED,NA,NA,NA,30.8,77.1,28,68.33333333,5.666666667,0-20,20-40,0-20,91.16,HIDED,307,,5.5
I3SB,10 years old,S,4/09/2024,10:27,Acacia mangium,Mangium,19.7,NA,NA,,,304.844695,,,,,NA,,,,E,NA,213.4508311,213.4508311,100.3218906,,,,,0,0,Sunny/Cloudy/occasional wind,HIDED,HIDED,NA,NA,NA,30.8,77.1,28,68.33333333,5.666666667,0-20,20-40,0-20,91.16,HIDED,307,,5.5
I3SB,10 years old,S,4/09/2024,10:27,Hibiscus tiliaceus,Malabago,13.3,NA,NA,,,138.947095,,,,,NA,,,,N,NA,81.17708068,81.17708068,38.15322792,,,,,0,0,Sunny/Cloudy/occasional wind,HIDED,HIDED,NA,NA,NA,30.8,77.1,28,68.33333333,5.666666667,0-20,20-40,0-20,91.16,HIDED,307,,5.5
I3SB,10 years old,S,4/09/2024,10:27,Macaranga tanarius (Linn.),Minonga,11.7,NA,NA,,,107.527095,,,,,NA,,,,N,NA,43.57031512,43.57031512,20.47804811,,,,,0,0,Sunny/Cloudy/occasional wind,HIDED,HIDED,NA,NA,NA,30.8,77.1,28,68.33333333,5.666666667,0-20,20-40,0-20,91.16,HIDED,307,,5.5
I3SB,10 years old,S,4/09/2024,10:27,Macaranga tanarius (Linn.),Minonga,14.3,NA,NA,,,160.626895,,,,,NA,,,,N,NA,74.23047817,74.23047817,34.88832474,,,,,0,0,Sunny/Cloudy/occasional wind,HIDED,HIDED,NA,NA,NA,30.8,77.1,28,68.33333333,5.666666667,0-20,20-40,0-20,91.16,HIDED,307,,5.5
I3SB,10 years old,S,4/09/2024,10:27,Acacia mangium,Mangium,18.3,NA,NA,,,263.056095,,,,,21.6,,,,E,211.6604432,175.7522489,211.6604432,99.4804083,,,,,0,0,Sunny/Cloudy/occasional wind,HIDED,HIDED,NA,NA,NA,30.8,77.1,28,68.33333333,5.666666667,0-20,20-40,0-20,91.16,HIDED,307,,5.5
I3SB,10 years old,S,4/09/2024,10:27,Acacia mangium,Mangium,27.5,NA,NA,,,594.034375,,,,,26.3,,,,E,568.01858,510.6768196,568.01858,266.9687326,,,,,0,0,Sunny/Cloudy/occasional wind,HIDED,HIDED,NA,NA,NA,30.8,77.1,28,68.33333333,5.666666667,0-20,20-40,0-20,91.16,HIDED,307,,5.5
I3SB,10 years old,S,4/09/2024,10:27,Acacia mangium,Mangium,35,NA,NA,,,962.2375,,,,,26.1,,,,E,902.7557654,950.2642918,902.7557654,424.2952097,,,,,0,0,Sunny/Cloudy/occasional wind,HIDED,HIDED,NA,NA,NA,30.8,77.1,28,68.33333333,5.666666667,0-20,20-40,0-20,91.16,HIDED,307,,5.5
I3SB,10 years old,S,4/09/2024,10:27,Acacia mangium,Mangium,35.5,NA,NA,,,989.926375,,,,,24.6,,,,E,876.0052776,985.3072378,876.0052776,411.7224805,,,,,0,0,Sunny/Cloudy/occasional wind,HIDED,HIDED,NA,NA,NA,30.8,77.1,28,68.33333333,5.666666667,0-20,20-40,0-20,91.16,HIDED,307,,5.5
I3SB,10 years old,S,4/09/2024,10:27,Macaranga tanarius (Linn.),Minonga,5.6,NA,NA,,,24.63328,,,,,NA,,,,N,NA,6.22277865,6.22277865,2.924705966,,,,,0,0,Sunny/Cloudy/occasional wind,HIDED,HIDED,NA,NA,NA,30.8,77.1,28,68.33333333,5.666666667,0-20,20-40,0-20,91.16,HIDED,307,,5.5
I3SB,10 years old,S,4/09/2024,10:27,Cocos nucifera,Coconut,30.4,NA,NA,,,725.92768,,,,,21.7,,,,N,540.9582194,624.4001494,540.9582194,254.2503631,,,,,0,0,Sunny/Cloudy/occasional wind,HIDED,HIDED,NA,NA,NA,30.8,77.1,28,68.33333333,5.666666667,0-20,20-40,0-20,91.16,HIDED,307,,5.5
I3SB,10 years old,S,4/09/2024,10:27,Acacia mangium,Mangium,25.5,NA,NA,,,510.771375,,,,,NA,,,,E,NA,419.6661282,419.6661282,197.2430803,,,,,0,0,Sunny/Cloudy/occasional wind,HIDED,HIDED,NA,NA,NA,30.8,77.1,28,68.33333333,5.666666667,0-20,20-40,0-20,91.16,HIDED,307,,5.5
I3SB,10 years old,S,4/09/2024,10:27,Acacia mangium,Mangium,20.2,NA,NA,,,320.51542,,,,,NA,,,,E,NA,228.0062127,228.0062127,107.16292,,,,,0,0,Sunny/Cloudy/occasional wind,HIDED,HIDED,NA,NA,NA,30.8,77.1,28,68.33333333,5.666666667,0-20,20-40,0-20,91.16,HIDED,307,,5.5
I3SB,10 years old,S,4/09/2024,10:27,Acacia mangium,Mangium,35.4,NA,NA,,,984.35718,,,,,NA,,,,E,NA,978.2397756,978.2397756,459.7726945,,,,,0,0,Sunny/Cloudy/occasional wind,HIDED,HIDED,NA,NA,NA,30.8,77.1,28,68.33333333,5.666666667,0-20,20-40,0-20,91.16,HIDED,307,,5.5
I3SB,10 years old,S,4/09/2024,10:27,Macaranga tanarius (Linn.),Minonga,5.3,NA,NA,,,22.064695,,,,,NA,,,,N,NA,5.390541245,5.390541245,2.533554385,,,,,0,0,Sunny/Cloudy/occasional wind,HIDED,HIDED,NA,NA,NA,30.8,77.1,28,68.33333333,5.666666667,0-20,20-40,0-20,91.16,HIDED,307,,5.5
I3SB,10 years old,S,4/09/2024,10:27,Macaranga tanarius (Linn.),Minonga,10.9,NA,NA,,,93.325255,,,,,NA,,,,N,NA,36.09844426,36.09844426,16.9662688,,,,,0,0,Sunny/Cloudy/occasional wind,HIDED,HIDED,NA,NA,NA,30.8,77.1,28,68.33333333,5.666666667,0-20,20-40,0-20,91.16,HIDED,307,,5.5
I3SB,10 years old,S,4/09/2024,10:27,Acacia mangium,Mangium,9.4,NA,NA,,,69.40678,,,,,NA,,,,E,NA,30.03428268,30.03428268,14.11611286,,,,,0,0,Sunny/Cloudy/occasional wind,HIDED,HIDED,NA,NA,NA,30.8,77.1,28,68.33333333,5.666666667,0-20,20-40,0-20,91.16,HIDED,307,,5.5
I3SB,10 years old,S,4/09/2024,10:27,Macaranga tanarius (Linn.),Minonga,5.2,NA,NA,,,21.23992,,,,,NA,,,,N,NA,5.129812603,5.129812603,2.411011923,,,,,0,0,Sunny/Cloudy/occasional wind,HIDED,HIDED,NA,NA,NA,30.8,77.1,28,68.33333333,5.666666667,0-20,20-40,0-20,91.16,HIDED,307,,5.5
I3SB,10 years old,S,4/09/2024,10:27,Macaranga tanarius (Linn.),Minonga,6.4,NA,NA,,,32.17408,,,,,NA,,,,N,NA,8.827796384,8.827796384,4.1490643,,,,,0,0,Sunny/Cloudy/occasional wind,HIDED,HIDED,NA,NA,NA,30.8,77.1,28,68.33333333,5.666666667,0-20,20-40,0-20,91.16,HIDED,307,,5.5
I3SB,10 years old,S,4/09/2024,10:27,Macaranga tanarius (Linn.),Minonga,5.4,NA,NA,,,22.90518,,,,,NA,,,,N,NA,5.659539906,5.659539906,2.659983756,,,,,0,0,Sunny/Cloudy/occasional wind,HIDED,HIDED,NA,NA,NA,30.8,77.1,28,68.33333333,5.666666667,0-20,20-40,0-20,91.16,HIDED,307,,5.5
I3SB,10 years old,S,4/09/2024,10:27,Hibiscus tiliaceus,Malabago,17.3,NA,NA,,,235.092295,,,,,NA,,,,N,NA,162.9454624,162.9454624,76.58436733,,,,,0,0,Sunny/Cloudy/occasional wind,HIDED,HIDED,NA,NA,NA,30.8,77.1,28,68.33333333,5.666666667,0-20,20-40,0-20,91.16,HIDED,307,,5.5
I3SB,10 years old,S,4/09/2024,10:27,Hibiscus tiliaceus,Malabago,11.8,NA,NA,,,109.37302,,,,,NA,,,,N,NA,59.07654914,59.07654914,27.7659781,,,,,0,0,Sunny/Cloudy/occasional wind,HIDED,HIDED,NA,NA,NA,30.8,77.1,28,68.33333333,5.666666667,0-20,20-40,0-20,91.16,HIDED,307,,5.5
I3SB,10 years old,S,4/09/2024,10:27,Hibiscus tiliaceus,Malabago,16.2,NA,NA,,,206.14662,,,,,NA,,,,N,NA,136.9531481,136.9531481,64.36797961,,,,,0,0,Sunny/Cloudy/occasional wind,HIDED,HIDED,NA,NA,NA,30.8,77.1,28,68.33333333,5.666666667,0-20,20-40,0-20,91.16,HIDED,307,,5.5
I3SB,10 years old,S,4/09/2024,10:27,"Musa acuminata, Musa balbisiana (Musa spp.)",Banana,10.8,NA,NA,,,91.62072,,,,,NA,,,,N,NA,NA,NA,NA,,,,,0,0,Sunny/Cloudy/occasional wind,HIDED,HIDED,NA,NA,NA,30.8,77.1,28,68.33333333,5.666666667,0-20,20-40,0-20,91.16,HIDED,307,,5.5
I3SB,10 years old,S,4/09/2024,10:27,"Musa acuminata, Musa balbisiana (Musa spp.)",Banana,6.3,NA,NA,,,31.176495,,,,,NA,,,,N,NA,NA,NA,NA,,,,,0,0,Sunny/Cloudy/occasional wind,HIDED,HIDED,NA,NA,NA,30.8,77.1,28,68.33333333,5.666666667,0-20,20-40,0-20,91.16,HIDED,307,,5.5
I3SB,10 years old,S,4/09/2024,10:27,"Musa acuminata, Musa balbisiana (Musa spp.)",Banana,10.9,NA,NA,,,93.325255,,,,,NA,,,,N,NA,NA,NA,NA,,,,,0,0,Sunny/Cloudy/occasional wind,HIDED,HIDED,NA,NA,NA,30.8,77.1,28,68.33333333,5.666666667,0-20,20-40,0-20,91.16,HIDED,307,,5.5
I3SB,10 years old,S,4/09/2024,10:27,Macaranga tanarius (Linn.),Minonga,9.4,NA,NA,,,69.40678,,,,,NA,,,,N,NA,24.36743689,24.36743689,11.45269534,,,,,0,0,Sunny/Cloudy/occasional wind,HIDED,HIDED,NA,NA,NA,30.8,77.1,28,68.33333333,5.666666667,0-20,20-40,0-20,91.16,HIDED,307,,5.5
I3SB,10 years old,S,4/09/2024,10:27,Hibiscus tiliaceus,Malabago,16.7,NA,NA,,,219.068095,,,,,NA,,,,N,NA,148.4248535,148.4248535,69.75968115,,,,,0,0,Sunny/Cloudy/occasional wind,HIDED,HIDED,NA,NA,NA,30.8,77.1,28,68.33333333,5.666666667,0-20,20-40,0-20,91.16,HIDED,307,,5.5
I3SB,10 years old,S,4/09/2024,10:27,Acacia mangium,Mangium,22.5,NA,NA,,,397.659375,,,,,24.1,,,,E,352.5471611,302.6212438,352.5471611,165.6971657,,,,,0,0,Sunny/Cloudy/occasional wind,HIDED,HIDED,NA,NA,NA,30.8,77.1,28,68.33333333,5.666666667,0-20,20-40,0-20,91.16,HIDED,307,,5.5
I3SB,10 years old,S,4/09/2024,10:27,Ficus congesta,Malatibig,9.3,NA,NA,,,67.937895,,,,,NA,,,,E,NA,21.48259595,21.48259595,10.0968201,,,,,0,0,Sunny/Cloudy/occasional wind,HIDED,HIDED,NA,NA,NA,30.8,77.1,28,68.33333333,5.666666667,0-20,20-40,0-20,91.16,HIDED,307,,5.5
I4NB,10 years old,N,4/09/2024,12:55,Homalanthus populneus,Balanti,5.4,23.28695652,10.4192263,,,22.90518,11673.17411,291829.3528,,,NA,22.96666667,,,N,NA,5.001453871,5.001453871,2.350683319,9499.113229,237477.8307,,,0,0,Sunny/Cloudy,HIDED,HIDED,NA,NA,NA,29.7,71.9,27.33333333,43,6.4,0-20,40-60,0-20,91.16,HIDED,294,,5
I4NB,10 years old,N,4/09/2024,12:55,Acacia mangium,Mangium,16.4,NA,NA,,,211.26808,,,,,NA,,,,E,NA,131.5459135,131.5459135,61.82657935,,,,,0,0,Sunny/Cloudy,HIDED,HIDED,NA,NA,NA,29.7,71.9,27.33333333,43,6.4,0-20,40-60,0-20,91.16,HIDED,294,,5
I4NB,10 years old,N,4/09/2024,12:55,Acacia mangium,Mangium,37.1,NA,NA,,,1081.170055,,,,,21.2,,,,E,825.7146401,1102.413591,825.7146401,388.0858808,,,,,0,0,Sunny/Cloudy,HIDED,HIDED,NA,NA,NA,29.7,71.9,27.33333333,43,6.4,0-20,40-60,0-20,91.16,HIDED,294,,5
I4NB,10 years old,N,4/09/2024,12:55,Acacia mangium,Mangium,38.5,NA,NA,,,1164.307375,,,,,23.5,,,,E,981.4990657,1211.150823,981.4990657,461.3045609,,,,,0,0,Sunny/Cloudy,HIDED,HIDED,NA,NA,NA,29.7,71.9,27.33333333,43,6.4,0-20,40-60,0-20,91.16,HIDED,294,,5
I4NB,10 years old,N,4/09/2024,12:55,Macaranga tanarius (Linn.),Minonga,8.5,NA,NA,,,56.752375,,,,,NA,,,,N,NA,18.66243459,18.66243459,8.771344257,,,,,0,0,Sunny/Cloudy,HIDED,HIDED,NA,NA,NA,29.7,71.9,27.33333333,43,6.4,0-20,40-60,0-20,91.16,HIDED,294,,5
I4NB,10 years old,N,4/09/2024,12:55,Ficus nota ,Tibig,17.5,NA,NA,,,240.559375,,,,,NA,,,,N,NA,114.9276257,114.9276257,54.01598408,,,,,0,0,Sunny/Cloudy,HIDED,HIDED,NA,NA,NA,29.7,71.9,27.33333333,43,6.4,0-20,40-60,0-20,91.16,HIDED,294,,5
I4NB,10 years old,N,4/09/2024,12:55,Acacia mangium,Mangium,38.8,NA,NA,,,1182.52312,,,,,20.4,,,,E,867.9743369,1235.219191,867.9743369,407.9479383,,,,,0,0,Sunny/Cloudy,HIDED,HIDED,NA,NA,NA,29.7,71.9,27.33333333,43,6.4,0-20,40-60,0-20,91.16,HIDED,294,,5
I4NB,10 years old,N,4/09/2024,12:55,Acacia mangium,Mangium,36.3,NA,NA,,,1035.045495,,,,,25.9,,,,E,962.1141784,1042.910562,962.1141784,452.1936638,,,,,0,0,Sunny/Cloudy,HIDED,HIDED,NA,NA,NA,29.7,71.9,27.33333333,43,6.4,0-20,40-60,0-20,91.16,HIDED,294,,5
I4NB,10 years old,N,4/09/2024,12:55,Acacia mangium,Mangium,34.4,NA,NA,,,929.52928,,,,,NA,,,,E,NA,909.1813282,909.1813282,427.3152243,,,,,0,0,Sunny/Cloudy,HIDED,HIDED,NA,NA,NA,29.7,71.9,27.33333333,43,6.4,0-20,40-60,0-20,91.16,HIDED,294,,5
I4NB,10 years old,N,4/09/2024,12:55,Macaranga tanarius (Linn.),Minonga,12.7,NA,NA,,,126.693295,,,,,NA,,,,N,NA,54.1744292,54.1744292,25.46198172,,,,,0,0,Sunny/Cloudy,HIDED,HIDED,NA,NA,NA,29.7,71.9,27.33333333,43,6.4,0-20,40-60,0-20,91.16,HIDED,294,,5
I4NB,10 years old,N,4/09/2024,12:55,Acacia mangium,Mangium,24.4,NA,NA,,,467.65528,,,,,NA,,,,E,NA,374.0851353,374.0851353,175.8200136,,,,,0,0,Sunny/Cloudy,HIDED,HIDED,NA,NA,NA,29.7,71.9,27.33333333,43,6.4,0-20,40-60,0-20,91.16,HIDED,294,,5
I4NB,10 years old,N,4/09/2024,12:55,Acacia mangium,Mangium,36.4,NA,NA,,,1040.75608,,,,,NA,,,,E,NA,1050.244299,1050.244299,493.6148205,,,,,0,0,Sunny/Cloudy,HIDED,HIDED,NA,NA,NA,29.7,71.9,27.33333333,43,6.4,0-20,40-60,0-20,91.16,HIDED,294,,5
I4NB,10 years old,N,4/09/2024,12:55,Acacia mangium,Mangium,27,NA,NA,,,572.6295,,,,,NA,,,,E,NA,486.926204,486.926204,228.8553159,,,,,0,0,Sunny/Cloudy,HIDED,HIDED,NA,NA,NA,29.7,71.9,27.33333333,43,6.4,0-20,40-60,0-20,91.16,HIDED,294,,5
I4NB,10 years old,N,4/09/2024,12:55,Ficus nota ,Tibig,7,NA,NA,,,38.4895,,,,,NA,,,,N,NA,10.13480922,10.13480922,4.763360333,,,,,0,0,Sunny/Cloudy,HIDED,HIDED,NA,NA,NA,29.7,71.9,27.33333333,43,6.4,0-20,40-60,0-20,91.16,HIDED,294,,5
I4NB,10 years old,N,4/09/2024,12:55,Acacia mangium,Mangium,21.2,NA,NA,,,353.03512,,,,,NA,,,,E,NA,258.8831397,258.8831397,121.6750757,,,,,0,0,Sunny/Cloudy,HIDED,HIDED,NA,NA,NA,29.7,71.9,27.33333333,43,6.4,0-20,40-60,0-20,91.16,HIDED,294,,5
I4NB,10 years old,N,4/09/2024,12:55,Acacia mangium,Mangium,20.5,NA,NA,,,330.106375,,,,,NA,,,,E,NA,237.0204306,237.0204306,111.3996024,,,,,0,0,Sunny/Cloudy,HIDED,HIDED,NA,NA,NA,29.7,71.9,27.33333333,43,6.4,0-20,40-60,0-20,91.16,HIDED,294,,5
I4NB,10 years old,N,4/09/2024,12:55,Acacia mangium,Mangium,27.7,NA,NA,,,602.706295,,,,,NA,,,,E,NA,520.3654236,520.3654236,244.5717491,,,,,0,0,Sunny/Cloudy,HIDED,HIDED,NA,NA,NA,29.7,71.9,27.33333333,43,6.4,0-20,40-60,0-20,91.16,HIDED,294,,5
I4NB,10 years old,N,4/09/2024,12:55,Acacia mangium,Mangium,28.4,NA,NA,,,633.55288,,,,,22.3,,,,E,514.9099203,555.1288623,514.9099203,242.0076625,,,,,0,0,Sunny/Cloudy,HIDED,HIDED,NA,NA,NA,29.7,71.9,27.33333333,43,6.4,0-20,40-60,0-20,91.16,HIDED,294,,5
I4NB,10 years old,N,4/09/2024,12:55,Acacia mangium,Mangium,21.1,NA,NA,,,349.712455,,,,,NA,,,,E,NA,255.6882886,255.6882886,120.1734956,,,,,0,0,Sunny/Cloudy,HIDED,HIDED,NA,NA,NA,29.7,71.9,27.33333333,43,6.4,0-20,40-60,0-20,91.16,HIDED,294,,5
I4NB,10 years old,N,4/09/2024,12:55,Ficus heteropoda,Alangas,13.4,NA,NA,,,141.04438,,,,,NA,,,,N,NA,56.6577655,56.6577655,26.62914979,,,,,0,0,Sunny/Cloudy,HIDED,HIDED,NA,NA,NA,29.7,71.9,27.33333333,43,6.4,0-20,40-60,0-20,91.16,HIDED,294,,5
I4NB,10 years old,N,4/09/2024,12:55,Acacia mangium,Mangium,20.5,NA,NA,,,330.106375,,,,,NA,,,,E,NA,237.0204306,237.0204306,111.3996024,,,,,0,0,Sunny/Cloudy,HIDED,HIDED,NA,NA,NA,29.7,71.9,27.33333333,43,6.4,0-20,40-60,0-20,91.16,HIDED,294,,5
I4NB,10 years old,N,4/09/2024,12:55,Acacia mangium,Mangium,15.2,NA,NA,,,181.48192,,,,,NA,,,,E,NA,107.5665124,107.5665124,50.55626083,,,,,0,0,Sunny/Cloudy,HIDED,HIDED,NA,NA,NA,29.7,71.9,27.33333333,43,6.4,0-20,40-60,0-20,91.16,HIDED,294,,5
I4NB,10 years old,N,4/09/2024,12:55,Acacia mangium,Mangium,27.2,NA,NA,,,581.14432,,,,,24.5,,,,E,518.8154636,496.345923,518.8154636,243.8432679,,,,,0,0,Sunny/Cloudy,HIDED,HIDED,NA,NA,NA,29.7,71.9,27.33333333,43,6.4,0-20,40-60,0-20,91.16,HIDED,294,,5
O1SB,24 years old,S,30/08/2024,13:40,Acacia mangium,Mangium,58.6,25.2,24.0484303,15.56774843,14.1,2697.37558,19560.81949,489020.4873,272978.0892,145838.1076,20,17.8,14.82619048,5.9,E,1903.924556,3445.168754,1903.924556,894.8445413,13710.81625,342770.4063,178479.6441,112061.09,83885.4,52668.7,Rain,HIDED,HIDED,NA,NA,NA,28.4,91,27,49.33333333,6.833333333,40-60,20-40,40-60,92.2,HIDED,352,314.0780142,4.75
O1SB,24 years old,S,30/08/2024,13:40,Artocarpus nitidus (A. lamellosus) ,Kubi,6.2,NA,NA,,,30.19462,,,,,NA,,,,N,NA,9.06649116,9.06649116,4.261250845,,,,,0,0,Rain,HIDED,HIDED,NA,NA,NA,28.4,91,27,49.33333333,6.833333333,40-60,20-40,40-60,92.2,HIDED,352,,4.75
O1SB,24 years old,S,30/08/2024,13:40,Gmelina Arborea,Gmelina Arboria,5.1,NA,NA,,,20.430855,,,,,NA,,,,E,NA,4.877245242,4.877245242,2.292305264,,,,,0,0,Rain,HIDED,HIDED,NA,NA,NA,28.4,91,27,49.33333333,6.833333333,40-60,20-40,40-60,92.2,HIDED,352,,4.75
O1SB,24 years old,S,30/08/2024,13:40,Pterocymbium tinctorium,Taluto,15.1,NA,NA,,,179.101855,,,,,NA,,,,E,NA,55.84203874,55.84203874,26.24575821,,,,,0,0,Rain,HIDED,HIDED,NA,NA,NA,28.4,91,27,49.33333333,6.833333333,40-60,20-40,40-60,92.2,HIDED,352,,4.75
O1SB,24 years old,S,30/08/2024,13:40,Ficus nota ,Tibig,6.4,NA,NA,,,32.17408,,,,,NA,,,,N,NA,8.006606022,8.006606022,3.76310483,,,,,0,0,Rain,HIDED,HIDED,NA,NA,NA,28.4,91,27,49.33333333,6.833333333,40-60,20-40,40-60,92.2,HIDED,352,,4.75
O1SB,24 years old,S,30/08/2024,13:40,Gmelina Arborea,Gmelina Arboria,35.8,NA,NA,,,1006.72822,,,,,18.8,,,,E,558.5190694,816.7457709,558.5190694,262.5039626,,,,,0,0,Rain,HIDED,HIDED,NA,NA,NA,28.4,91,27,49.33333333,6.833333333,40-60,20-40,40-60,92.2,HIDED,352,,4.75
O1SB,24 years old,S,30/08/2024,13:40,Commersonia bartramina (L.) Merr.,Suyapao,15.4,NA,NA,,,186.28918,,,,,NA,,,,N,NA,86.14492562,86.14492562,40.48811504,,,,,0,0,Rain,HIDED,HIDED,NA,NA,NA,28.4,91,27,49.33333333,6.833333333,40-60,20-40,40-60,92.2,HIDED,352,,4.75
O1SB,24 years old,S,30/08/2024,13:40,Acacia mangium,Mangium,66,NA,NA,,,3421.638,,,,,16.6,,,,E,2002.089874,4593.911908,2002.089874,940.9822408,,,,,0,0,Rain,HIDED,HIDED,NA,NA,NA,28.4,91,27,49.33333333,6.833333333,40-60,20-40,40-60,92.2,HIDED,352,,4.75
O1SB,24 years old,S,30/08/2024,13:40,Gmelina Arborea,Gmelina Arboria,25.3,NA,NA,,,502.790695,,,,,15.3,,,,E,231.9692245,333.5707277,231.9692245,109.0255355,,,,,0,0,Rain,HIDED,HIDED,NA,NA,NA,28.4,91,27,49.33333333,6.833333333,40-60,20-40,40-60,92.2,HIDED,352,,4.75
O1SB,24 years old,S,30/08/2024,13:40,"Musa acuminata, Musa balbisiana (Musa spp.)",Banana,13.2,NA,NA,,,136.86552,,,,,NA,,,,N,NA,NA,NA,NA,,,,,0,0,Rain,HIDED,HIDED,NA,NA,NA,28.4,91,27,49.33333333,6.833333333,40-60,20-40,40-60,92.2,HIDED,352,,4.75
O1SB,24 years old,S,30/08/2024,13:40,"Musa acuminata, Musa balbisiana (Musa spp.)",Banana,8.2,NA,NA,,,52.81702,,,,,NA,,,,N,NA,NA,NA,NA,,,,,0,0,Rain,HIDED,HIDED,NA,NA,NA,28.4,91,27,49.33333333,6.833333333,40-60,20-40,40-60,92.2,HIDED,352,,4.75
O1SB,24 years old,S,30/08/2024,13:40,Gmelina Arborea,Gmelina Arboria,56.9,NA,NA,,,2543.142655,,,,,NA,,,,E,NA,2601.371908,2601.371908,1222.644797,,,,,0,0,Rain,HIDED,HIDED,NA,NA,NA,28.4,91,27,49.33333333,6.833333333,40-60,20-40,40-60,92.2,HIDED,352,,4.75
O1SB,24 years old,S,30/08/2024,13:40,Gmelina Arborea,Gmelina Arboria,8.4,NA,NA,,,55.42488,,,,,NA,,,,E,NA,18.0867555,18.0867555,8.500775085,,,,,0,0,Rain,HIDED,HIDED,NA,NA,NA,28.4,91,27,49.33333333,6.833333333,40-60,20-40,40-60,92.2,HIDED,352,,4.75
O1SB,24 years old,S,30/08/2024,13:40,Acacia mangium,Mangium,44.3,NA,NA,,,1541.535895,,,,,NA,,,,E,NA,1725.230247,1725.230247,810.8582161,,,,,0,0,Rain,HIDED,HIDED,NA,NA,NA,28.4,91,27,49.33333333,6.833333333,40-60,20-40,40-60,92.2,HIDED,352,,4.75
O1SB,24 years old,S,30/08/2024,13:40,Acacia mangium,Mangium,78,NA,NA,,,4778.982,,,,,21,,,,E,3489.498444,6834.038266,3489.498444,1640.064269,,,,,0,0,Rain,HIDED,HIDED,NA,NA,NA,28.4,91,27,49.33333333,6.833333333,40-60,20-40,40-60,92.2,HIDED,352,,4.75
O1SB,24 years old,S,30/08/2024,13:40,Gmelina Arborea,Gmelina Arboria,9.7,NA,NA,,,73.907695,,,,,NA,,,,E,NA,26.48538502,26.48538502,12.44813096,,,,,0,0,Rain,HIDED,HIDED,NA,NA,NA,28.4,91,27,49.33333333,6.833333333,40-60,20-40,40-60,92.2,HIDED,352,,4.75
O1SB,24 years old,S,30/08/2024,13:40,Homalanthus populneus,Balanti,6,NA,NA,,,28.278,,,,,NA,,,,N,NA,6.586550659,6.586550659,3.09567881,,,,,0,0,Rain,HIDED,HIDED,NA,NA,NA,28.4,91,27,49.33333333,6.833333333,40-60,20-40,40-60,92.2,HIDED,352,,4.75
O1SB,24 years old,S,30/08/2024,13:40,Gmelina Arborea,Gmelina Arboria,52.8,NA,NA,,,2189.84832,,,,,15.1,,,,E,962.8157683,2165.189664,962.8157683,452.5234111,,,,,0,0,Rain,HIDED,HIDED,NA,NA,NA,28.4,91,27,49.33333333,6.833333333,40-60,20-40,40-60,92.2,HIDED,352,,4.75
O1SB,24 years old,S,30/08/2024,13:40,Gmelina Arborea,Gmelina Arboria,6.2,NA,NA,,,30.19462,,,,,NA,,,,E,NA,8.122064998,8.122064998,3.817370549,,,,,0,0,Rain,HIDED,HIDED,NA,NA,NA,28.4,91,27,49.33333333,6.833333333,40-60,20-40,40-60,92.2,HIDED,352,,4.75
O1SB,24 years old,S,30/08/2024,13:40,Homalanthus populneus,Balanti,6.2,NA,NA,,,30.19462,,,,,NA,,,,N,NA,7.177638835,7.177638835,3.373490252,,,,,0,0,Rain,HIDED,HIDED,NA,NA,NA,28.4,91,27,49.33333333,6.833333333,40-60,20-40,40-60,92.2,HIDED,352,,4.75
O1SB,24 years old,S,30/08/2024,13:40,Homalanthus populneus,Balanti,5.4,NA,NA,,,22.90518,,,,,NA,,,,N,NA,5.001453871,5.001453871,2.350683319,,,,,0,0,Rain,HIDED,HIDED,NA,NA,NA,28.4,91,27,49.33333333,6.833333333,40-60,20-40,40-60,92.2,HIDED,352,,4.75
O2NB,24 years old,N,2/09/2024,10:33,Ficus latsoni,Tangilang Layugan,16.9,11.97083333,9.424819166,,,224.346655,8682.38286,217059.5715,,,NA,16.4,,,N,NA,104.8025111,104.8025111,49.25718022,4402.176097,110054.4024,,,0,0,"Cloudy, the day after a Sunday of heavy rain",HIDED,HIDED,NA,NA,NA,29.1,83.4,25.66666667,74.66666667,6.233333333,0-20,20-40,0-20,92.2,HIDED,363,,7.5
O2NB,24 years old,N,2/09/2024,10:33,Leucyosyke capitellata,Anagasi,6.2,NA,NA,,,30.19462,,,,,NA,,,,N,NA,8.097427794,8.097427794,3.805791063,,,,,0,0,"Cloudy, the day after a Sunday of heavy rain",HIDED,HIDED,NA,NA,NA,29.1,83.4,25.66666667,74.66666667,6.233333333,0-20,20-40,0-20,92.2,HIDED,363,,7.5
O2NB,24 years old,N,2/09/2024,10:33,Macaranga tanarius (Linn.),Binonga,10.4,NA,NA,,,84.95968,,,,,NA,,,,N,NA,31.86637172,31.86637172,14.97719471,,,,,0,0,"Cloudy, the day after a Sunday of heavy rain",HIDED,HIDED,NA,NA,NA,29.1,83.4,25.66666667,74.66666667,6.233333333,0-20,20-40,0-20,92.2,HIDED,363,,7.5
O2NB,24 years old,N,2/09/2024,10:33,Dendrocnide meyeniana,Lipang kalaban,8.3,NA,NA,,,54.113095,,,,,NA,,,,N,NA,17.46924389,17.46924389,8.210544628,,,,,0,0,"Cloudy, the day after a Sunday of heavy rain",HIDED,HIDED,NA,NA,NA,29.1,83.4,25.66666667,74.66666667,6.233333333,0-20,20-40,0-20,92.2,HIDED,363,,7.5
O2NB,24 years old,N,2/09/2024,10:33,Dendrocnide meyeniana,Lipang kalaban,6.4,NA,NA,,,32.17408,,,,,NA,,,,N,NA,8.801018437,8.801018437,4.136478665,,,,,0,0,"Cloudy, the day after a Sunday of heavy rain",HIDED,HIDED,NA,NA,NA,29.1,83.4,25.66666667,74.66666667,6.233333333,0-20,20-40,0-20,92.2,HIDED,363,,7.5
O2NB,24 years old,N,2/09/2024,10:33,Gmelina Arborea,Gmelina Arboria,29.9,NA,NA,,,702.244855,,,,,16.7,,,,E,350.0754956,514.4918455,350.0754956,164.5354829,,,,,0,0,"Cloudy, the day after a Sunday of heavy rain",HIDED,HIDED,NA,NA,NA,29.1,83.4,25.66666667,74.66666667,6.233333333,0-20,20-40,0-20,92.2,HIDED,363,,7.5
O2NB,24 years old,N,2/09/2024,10:33,Artocarpus nitidus (A. lamellosus) ,Kubi,5.9,NA,NA,,,27.343255,,,,,NA,,,,N,NA,7.961681266,7.961681266,3.741990195,,,,,0,0,"Cloudy, the day after a Sunday of heavy rain",HIDED,HIDED,NA,NA,NA,29.1,83.4,25.66666667,74.66666667,6.233333333,0-20,20-40,0-20,92.2,HIDED,363,,7.5
O2NB,24 years old,N,2/09/2024,10:33,Macaranga tanarius (Linn.),Binonga,5.9,NA,NA,,,27.343255,,,,,NA,,,,N,NA,7.132339468,7.132339468,3.35219955,,,,,0,0,"Cloudy, the day after a Sunday of heavy rain",HIDED,HIDED,NA,NA,NA,29.1,83.4,25.66666667,74.66666667,6.233333333,0-20,20-40,0-20,92.2,HIDED,363,,7.5
O2NB,24 years old,N,2/09/2024,10:33,Leucyosyke capitellata,Anagasi,5.4,NA,NA,,,22.90518,,,,,NA,,,,N,NA,5.642372444,5.642372444,2.651915049,,,,,0,0,"Cloudy, the day after a Sunday of heavy rain",HIDED,HIDED,NA,NA,NA,29.1,83.4,25.66666667,74.66666667,6.233333333,0-20,20-40,0-20,92.2,HIDED,363,,7.5
O2NB,24 years old,N,2/09/2024,10:33,Macaranga tanarius (Linn.),Binonga,5,NA,NA,,,19.6375,,,,,NA,,,,N,NA,4.632729699,4.632729699,2.177382959,,,,,0,0,"Cloudy, the day after a Sunday of heavy rain",HIDED,HIDED,NA,NA,NA,29.1,83.4,25.66666667,74.66666667,6.233333333,0-20,20-40,0-20,92.2,HIDED,363,,7.5
O2NB,24 years old,N,2/09/2024,10:33,Leucyosyke capitellata,Anagasi,9.1,NA,NA,,,65.047255,,,,,NA,,,,N,NA,22.29134146,22.29134146,10.47693049,,,,,0,0,"Cloudy, the day after a Sunday of heavy rain",HIDED,HIDED,NA,NA,NA,29.1,83.4,25.66666667,74.66666667,6.233333333,0-20,20-40,0-20,92.2,HIDED,363,,7.5
O2NB,24 years old,N,2/09/2024,10:33,Leucyosyke capitellata,Anagasi,16.7,NA,NA,,,219.068095,,,,,NA,,,,N,NA,111.6299814,111.6299814,52.46609126,,,,,0,0,"Cloudy, the day after a Sunday of heavy rain",HIDED,HIDED,NA,NA,NA,29.1,83.4,25.66666667,74.66666667,6.233333333,0-20,20-40,0-20,92.2,HIDED,363,,7.5
O2NB,24 years old,N,2/09/2024,10:33,Leucyosyke capitellata,Anagasi,21.9,NA,NA,,,376.733655,,,,,NA,,,,N,NA,228.0358225,228.0358225,107.1768366,,,,,0,0,"Cloudy, the day after a Sunday of heavy rain",HIDED,HIDED,NA,NA,NA,29.1,83.4,25.66666667,74.66666667,6.233333333,0-20,20-40,0-20,92.2,HIDED,363,,7.5
O2NB,24 years old,N,2/09/2024,10:33,Macaranga tanarius (Linn.),Binonga,8.4,NA,NA,,,55.42488,,,,,NA,,,,N,NA,18.0867555,18.0867555,8.500775085,,,,,0,0,"Cloudy, the day after a Sunday of heavy rain",HIDED,HIDED,NA,NA,NA,29.1,83.4,25.66666667,74.66666667,6.233333333,0-20,20-40,0-20,92.2,HIDED,363,,7.5
O2NB,24 years old,N,2/09/2024,10:33,Macaranga tanarius (Linn.),Binonga,6.4,NA,NA,,,32.17408,,,,,NA,,,,N,NA,8.827796384,8.827796384,4.1490643,,,,,0,0,"Cloudy, the day after a Sunday of heavy rain",HIDED,HIDED,NA,NA,NA,29.1,83.4,25.66666667,74.66666667,6.233333333,0-20,20-40,0-20,92.2,HIDED,363,,7.5
O2NB,24 years old,N,2/09/2024,10:33,Macaranga tanarius (Linn.),Binonga,7.5,NA,NA,,,44.184375,,,,,NA,,,,N,NA,13.40415128,13.40415128,6.299951102,,,,,0,0,"Cloudy, the day after a Sunday of heavy rain",HIDED,HIDED,NA,NA,NA,29.1,83.4,25.66666667,74.66666667,6.233333333,0-20,20-40,0-20,92.2,HIDED,363,,7.5
O2NB,24 years old,N,2/09/2024,10:33,Macaranga tanarius (Linn.),Binonga,10.2,NA,NA,,,81.72342,,,,,NA,,,,N,NA,30.26512801,30.26512801,14.22461016,,,,,0,0,"Cloudy, the day after a Sunday of heavy rain",HIDED,HIDED,NA,NA,NA,29.1,83.4,25.66666667,74.66666667,6.233333333,0-20,20-40,0-20,92.2,HIDED,363,,7.5
O2NB,24 years old,N,2/09/2024,10:33,Macaranga tanarius (Linn.),Binonga,6.9,NA,NA,,,37.397655,,,,,NA,,,,N,NA,10.75873221,10.75873221,5.056604139,,,,,0,0,"Cloudy, the day after a Sunday of heavy rain",HIDED,HIDED,NA,NA,NA,29.1,83.4,25.66666667,74.66666667,6.233333333,0-20,20-40,0-20,92.2,HIDED,363,,7.5
O2NB,24 years old,N,2/09/2024,10:33,Gmelina Arborea,Gmelina Arboria,16.9,NA,NA,,,224.346655,,,,,11.8,,,,E,81.89774868,115.5514866,81.89774868,38.49194188,,,,,0,0,"Cloudy, the day after a Sunday of heavy rain",HIDED,HIDED,NA,NA,NA,29.1,83.4,25.66666667,74.66666667,6.233333333,0-20,20-40,0-20,92.2,HIDED,363,,7.5
O2NB,24 years old,N,2/09/2024,10:33,Macaranga tanarius (Linn.),Binonga,5,NA,NA,,,19.6375,,,,,NA,,,,N,NA,4.632729699,4.632729699,2.177382959,,,,,0,0,"Cloudy, the day after a Sunday of heavy rain",HIDED,HIDED,NA,NA,NA,29.1,83.4,25.66666667,74.66666667,6.233333333,0-20,20-40,0-20,92.2,HIDED,363,,7.5
O2NB,24 years old,N,2/09/2024,10:33,Dendrocnide meyeniana,Lipang kalaban,5.2,NA,NA,,,21.23992,,,,,NA,,,,N,NA,5.114251998,5.114251998,2.403698439,,,,,0,0,"Cloudy, the day after a Sunday of heavy rain",HIDED,HIDED,NA,NA,NA,29.1,83.4,25.66666667,74.66666667,6.233333333,0-20,20-40,0-20,92.2,HIDED,363,,7.5
O2NB,24 years old,N,2/09/2024,10:33,Gmelina Arborea,Gmelina Arboria,21.5,NA,NA,,,363.097375,,,,,17.3,,,,E,190.3413509,217.9304967,190.3413509,89.46043492,,,,,0,0,"Cloudy, the day after a Sunday of heavy rain",HIDED,HIDED,NA,NA,NA,29.1,83.4,25.66666667,74.66666667,6.233333333,0-20,20-40,0-20,92.2,HIDED,363,,7.5
O2NB,24 years old,N,2/09/2024,10:33,"Musa acuminata, Musa balbisiana (Musa spp.)",Banana,8.1,NA,NA,,,51.536655,,,,,NA,,,,N,NA,NA,NA,NA,,,,,0,0,"Cloudy, the day after a Sunday of heavy rain",HIDED,HIDED,NA,NA,NA,29.1,83.4,25.66666667,74.66666667,6.233333333,0-20,20-40,0-20,92.2,HIDED,363,,7.5
O2NB,24 years old,N,2/09/2024,10:33,Dendrocnide meyeniana,Lipang kalaban,5.9,NA,NA,,,27.343255,,,,,NA,,,,N,NA,7.110704464,7.110704464,3.342031098,,,,,0,0,"Cloudy, the day after a Sunday of heavy rain",HIDED,HIDED,NA,NA,NA,29.1,83.4,25.66666667,74.66666667,6.233333333,0-20,20-40,0-20,92.2,HIDED,363,,7.5
O2NB,24 years old,N,2/09/2024,10:33,Macaranga tanarius (Linn.),Binonga,5.6,NA,NA,,,24.63328,,,,,NA,,,,N,NA,6.22277865,6.22277865,2.924705966,,,,,0,0,"Cloudy, the day after a Sunday of heavy rain",HIDED,HIDED,NA,NA,NA,29.1,83.4,25.66666667,74.66666667,6.233333333,0-20,20-40,0-20,92.2,HIDED,363,,7.5
O2NB,24 years old,N,2/09/2024,10:33,Gmelina Arborea,Gmelina Arboria,23.9,NA,NA,,,448.685455,,,,,16.6,,,,E,224.7700662,287.5281791,224.7700662,105.6419311,,,,,0,0,"Cloudy, the day after a Sunday of heavy rain",HIDED,HIDED,NA,NA,NA,29.1,83.4,25.66666667,74.66666667,6.233333333,0-20,20-40,0-20,92.2,HIDED,363,,7.5
O2NB,24 years old,N,2/09/2024,10:33,Gmelina Arborea,Gmelina Arboria,20.6,NA,NA,,,333.33478,,,,,NA,,,,E,NA,194.7756773,194.7756773,91.54456833,,,,,0,0,"Cloudy, the day after a Sunday of heavy rain",HIDED,HIDED,NA,NA,NA,29.1,83.4,25.66666667,74.66666667,6.233333333,0-20,20-40,0-20,92.2,HIDED,363,,7.5
O2NB,24 years old,N,2/09/2024,10:33,"Musa acuminata, Musa balbisiana (Musa spp.)",Banana,10.1,NA,NA,,,80.128855,,,,,NA,,,,N,NA,NA,NA,NA,,,,,0,0,"Cloudy, the day after a Sunday of heavy rain",HIDED,HIDED,NA,NA,NA,29.1,83.4,25.66666667,74.66666667,6.233333333,0-20,20-40,0-20,92.2,HIDED,363,,7.5
O2NB,24 years old,N,2/09/2024,10:33,"Musa acuminata, Musa balbisiana (Musa spp.)",Banana,15.4,NA,NA,,,186.28918,,,,,NA,,,,N,NA,NA,NA,NA,,,,,0,0,"Cloudy, the day after a Sunday of heavy rain",HIDED,HIDED,NA,NA,NA,29.1,83.4,25.66666667,74.66666667,6.233333333,0-20,20-40,0-20,92.2,HIDED,363,,7.5
O2NB,24 years old,N,2/09/2024,10:33,"Musa acuminata, Musa balbisiana (Musa spp.)",Banana,15.6,NA,NA,,,191.15928,,,,,NA,,,,N,NA,NA,NA,NA,,,,,0,0,"Cloudy, the day after a Sunday of heavy rain",HIDED,HIDED,NA,NA,NA,29.1,83.4,25.66666667,74.66666667,6.233333333,0-20,20-40,0-20,92.2,HIDED,363,,7.5
O2NB,24 years old,N,2/09/2024,10:33,"Musa acuminata, Musa balbisiana (Musa spp.)",Banana,11.2,NA,NA,,,98.53312,,,,,NA,,,,N,NA,NA,NA,NA,,,,,0,0,"Cloudy, the day after a Sunday of heavy rain",HIDED,HIDED,NA,NA,NA,29.1,83.4,25.66666667,74.66666667,6.233333333,0-20,20-40,0-20,92.2,HIDED,363,,7.5
O2NB,24 years old,N,2/09/2024,10:33,Pipturus arborescens,Dalunot,5.7,NA,NA,,,25.520895,,,,,NA,,,,N,NA,6.49746349,6.49746349,3.05380784,,,,,0,0,"Cloudy, the day after a Sunday of heavy rain",HIDED,HIDED,NA,NA,NA,29.1,83.4,25.66666667,74.66666667,6.233333333,0-20,20-40,0-20,92.2,HIDED,363,,7.5
O2NB,24 years old,N,2/09/2024,10:33,"Musa acuminata, Musa balbisiana (Musa spp.)",Banana,9.9,NA,NA,,,76.986855,,,,,NA,,,,N,NA,NA,NA,NA,,,,,0,0,"Cloudy, the day after a Sunday of heavy rain",HIDED,HIDED,NA,NA,NA,29.1,83.4,25.66666667,74.66666667,6.233333333,0-20,20-40,0-20,92.2,HIDED,363,,7.5
O2NB,24 years old,N,2/09/2024,10:33,"Musa acuminata, Musa balbisiana (Musa spp.)",Banana,7.9,NA,NA,,,49.023055,,,,,NA,,,,N,NA,NA,NA,NA,,,,,0,0,"Cloudy, the day after a Sunday of heavy rain",HIDED,HIDED,NA,NA,NA,29.1,83.4,25.66666667,74.66666667,6.233333333,0-20,20-40,0-20,92.2,HIDED,363,,7.5
O2NB,24 years old,N,2/09/2024,10:33,Macaranga tanarius (Linn.),Binonga,5,NA,NA,,,19.6375,,,,,NA,,,,N,NA,4.632729699,4.632729699,2.177382959,,,,,0,0,"Cloudy, the day after a Sunday of heavy rain",HIDED,HIDED,NA,NA,NA,29.1,83.4,25.66666667,74.66666667,6.233333333,0-20,20-40,0-20,92.2,HIDED,363,,7.5
O2NB,24 years old,N,2/09/2024,10:33,NA,Unknown,9.7,NA,NA,,,73.907695,,,,,NA,,,,,NA,26.40504513,26.40504513,12.41037121,,,,,0,0,"Cloudy, the day after a Sunday of heavy rain",HIDED,HIDED,NA,NA,NA,29.1,83.4,25.66666667,74.66666667,6.233333333,0-20,20-40,0-20,92.2,HIDED,363,,7.5
O2NB,24 years old,N,2/09/2024,10:33,Gmelina Arborea,Gmelina Arboria,35.3,NA,NA,,,978.803695,,,,,16.6,,,,E,481.2403076,787.9561573,481.2403076,226.1829446,,,,,0,0,"Cloudy, the day after a Sunday of heavy rain",HIDED,HIDED,NA,NA,NA,29.1,83.4,25.66666667,74.66666667,6.233333333,0-20,20-40,0-20,92.2,HIDED,363,,7.5
O2NB,24 years old,N,2/09/2024,10:33,Macaranga tanarius (Linn.),Binonga,7.2,NA,NA,,,40.72032,,,,,NA,,,,N,NA,12.03550736,12.03550736,5.656688459,,,,,0,0,"Cloudy, the day after a Sunday of heavy rain",HIDED,HIDED,NA,NA,NA,29.1,83.4,25.66666667,74.66666667,6.233333333,0-20,20-40,0-20,92.2,HIDED,363,,7.5
O2NB,24 years old,N,2/09/2024,10:33,Leucyosyke capitellata,Anagasi,5.6,NA,NA,,,24.63328,,,,,NA,,,,N,NA,6.203902679,6.203902679,2.915834259,,,,,0,0,"Cloudy, the day after a Sunday of heavy rain",HIDED,HIDED,NA,NA,NA,29.1,83.4,25.66666667,74.66666667,6.233333333,0-20,20-40,0-20,92.2,HIDED,363,,7.5
O2NB,24 years old,N,2/09/2024,10:33,Gmelina Arborea,Gmelina Arboria,38.9,NA,NA,,,1188.626455,,,,,19.4,,,,E,677.2614983,1008.717069,677.2614983,318.3129042,,,,,0,0,"Cloudy, the day after a Sunday of heavy rain",HIDED,HIDED,NA,NA,NA,29.1,83.4,25.66666667,74.66666667,6.233333333,0-20,20-40,0-20,92.2,HIDED,363,,7.5
O2NB,24 years old,N,2/09/2024,10:33,Leucyosyke capitellata,Anagasi,5.3,NA,NA,,,22.064695,,,,,NA,,,,N,NA,5.374189755,5.374189755,2.525869185,,,,,0,0,"Cloudy, the day after a Sunday of heavy rain",HIDED,HIDED,NA,NA,NA,29.1,83.4,25.66666667,74.66666667,6.233333333,0-20,20-40,0-20,92.2,HIDED,363,,7.5
O2NB,24 years old,N,2/09/2024,10:33,Leucyosyke capitellata,Anagasi,8.2,NA,NA,,,52.81702,,,,,NA,,,,N,NA,16.91779175,16.91779175,7.951362123,,,,,0,0,"Cloudy, the day after a Sunday of heavy rain",HIDED,HIDED,NA,NA,NA,29.1,83.4,25.66666667,74.66666667,6.233333333,0-20,20-40,0-20,92.2,HIDED,363,,7.5
O2NB,24 years old,N,2/09/2024,10:33,"Musa acuminata, Musa balbisiana (Musa spp.)",Banana,11,NA,NA,,,95.0455,,,,,NA,,,,N,NA,NA,NA,NA,,,,,0,0,"Cloudy, the day after a Sunday of heavy rain",HIDED,HIDED,NA,NA,NA,29.1,83.4,25.66666667,74.66666667,6.233333333,0-20,20-40,0-20,92.2,HIDED,363,,7.5
O2NB,24 years old,N,2/09/2024,10:33,Pipturus arborescens,Dalunot,5.4,NA,NA,,,22.90518,,,,,NA,,,,N,NA,5.642372444,5.642372444,2.651915049,,,,,0,0,"Cloudy, the day after a Sunday of heavy rain",HIDED,HIDED,NA,NA,NA,29.1,83.4,25.66666667,74.66666667,6.233333333,0-20,20-40,0-20,92.2,HIDED,363,,7.5
O2NB,24 years old,N,2/09/2024,10:33,Pipturus arborescens,Dalunot,6.2,NA,NA,,,30.19462,,,,,NA,,,,N,NA,8.097427794,8.097427794,3.805791063,,,,,0,0,"Cloudy, the day after a Sunday of heavy rain",HIDED,HIDED,NA,NA,NA,29.1,83.4,25.66666667,74.66666667,6.233333333,0-20,20-40,0-20,92.2,HIDED,363,,7.5
O2NB,24 years old,N,2/09/2024,10:33,Ficus heteropoda,Alangas,46.3,NA,NA,,,1683.868495,,,,,NA,,,,N,NA,1417.739964,1417.739964,666.3377831,,,,,0,0,"Cloudy, the day after a Sunday of heavy rain",HIDED,HIDED,NA,NA,NA,29.1,83.4,25.66666667,74.66666667,6.233333333,0-20,20-40,0-20,92.2,HIDED,363,,7.5
O2NB,24 years old,N,2/09/2024,10:33,Pipturus arborescens,Dalunot,5.2,NA,NA,,,21.23992,,,,,NA,,,,N,NA,5.114251998,5.114251998,2.403698439,,,,,0,0,"Cloudy, the day after a Sunday of heavy rain",HIDED,HIDED,NA,NA,NA,29.1,83.4,25.66666667,74.66666667,6.233333333,0-20,20-40,0-20,92.2,HIDED,363,,7.5
O2NB,24 years old,N,2/09/2024,10:33,Macaranga tanarius (Linn.),Binonga,9.4,NA,NA,,,69.40678,,,,,NA,,,,N,NA,24.36743689,24.36743689,11.45269534,,,,,0,0,"Cloudy, the day after a Sunday of heavy rain",HIDED,HIDED,NA,NA,NA,29.1,83.4,25.66666667,74.66666667,6.233333333,0-20,20-40,0-20,92.2,HIDED,363,,7.5
O3SB,24 years old,S,5/09/2024,9:11,Acacia mangium,Mangium,5,10.31395349,9.771157298,,,19.6375,6742.896955,168572.4239,,,NA,13.33333333,,,E,NA,5.710108699,5.710108699,2.683751089,6281.874012,157046.8503,,,0,0,Sunny/Cloudy/windy,HIDED,HIDED,NA,NA,NA,29,72.3,26.66666667,45,6.266666667,0-20,40-60,0-20,92.2,HIDED,270,,5
O3SB,24 years old,S,5/09/2024,9:11,Mallotus mollissimus ,Hanom-o,8.7,,,,,59.454495,,,,,NA,,,,N,NA,16.15543546,16.15543546,7.593054666,,,,,0,0,Sunny/Cloudy/windy,HIDED,HIDED,NA,NA,NA,29,72.3,26.66666667,45,6.266666667,0-20,40-60,0-20,92.2,HIDED,270,,5
O3SB,24 years old,S,5/09/2024,9:11,Acacia mangium,Mangium,5,,,,,19.6375,,,,,NA,,,,E,NA,5.710108699,5.710108699,2.683751089,,,,,0,0,Sunny/Cloudy/windy,HIDED,HIDED,NA,NA,NA,29,72.3,26.66666667,45,6.266666667,0-20,40-60,0-20,92.2,HIDED,270,,5
O3SB,24 years old,S,5/09/2024,9:11,Acacia mangium,Mangium,6.2,,,,,30.19462,,,,,NA,,,,E,NA,10.01091732,10.01091732,4.70513114,,,,,0,0,Sunny/Cloudy/windy,HIDED,HIDED,NA,NA,NA,29,72.3,26.66666667,45,6.266666667,0-20,40-60,0-20,92.2,HIDED,270,,5
O3SB,24 years old,S,5/09/2024,9:11,Acacia mangium,Mangium,6.3,,,,,31.176495,,,,,NA,,,,E,NA,10.44010159,10.44010159,4.906847747,,,,,0,0,Sunny/Cloudy/windy,HIDED,HIDED,NA,NA,NA,29,72.3,26.66666667,45,6.266666667,0-20,40-60,0-20,92.2,HIDED,270,,5
O3SB,24 years old,S,5/09/2024,9:11,Acacia mangium,Mangium,6.1,,,,,29.228455,,,,,NA,,,,E,NA,9.593093882,9.593093882,4.508754125,,,,,0,0,Sunny/Cloudy/windy,HIDED,HIDED,NA,NA,NA,29,72.3,26.66666667,45,6.266666667,0-20,40-60,0-20,92.2,HIDED,270,,5
O3SB,24 years old,S,5/09/2024,9:11,Acacia mangium,Mangium,5.4,,,,,22.90518,,,,,NA,,,,E,NA,6.975711977,6.975711977,3.278584629,,,,,0,0,Sunny/Cloudy/windy,HIDED,HIDED,NA,NA,NA,29,72.3,26.66666667,45,6.266666667,0-20,40-60,0-20,92.2,HIDED,270,,5
O3SB,24 years old,S,5/09/2024,9:11,Acacia mangium,Mangium,10.1,,,,,80.128855,,,,,NA,,,,E,NA,36.34051442,36.34051442,17.08004178,,,,,0,0,Sunny/Cloudy/windy,HIDED,HIDED,NA,NA,NA,29,72.3,26.66666667,45,6.266666667,0-20,40-60,0-20,92.2,HIDED,270,,5
O3SB,24 years old,S,5/09/2024,9:11,Acacia mangium,Mangium,8.1,,,,,51.536655,,,,,NA,,,,E,NA,20.24757204,20.24757204,9.516358859,,,,,0,0,Sunny/Cloudy/windy,HIDED,HIDED,NA,NA,NA,29,72.3,26.66666667,45,6.266666667,0-20,40-60,0-20,92.2,HIDED,270,,5
O3SB,24 years old,S,5/09/2024,9:11,Acacia mangium,Mangium,6.8,,,,,36.32152,,,,,NA,,,,E,NA,12.76080368,12.76080368,5.99757773,,,,,0,0,Sunny/Cloudy/windy,HIDED,HIDED,NA,NA,NA,29,72.3,26.66666667,45,6.266666667,0-20,40-60,0-20,92.2,HIDED,270,,5
O3SB,24 years old,S,5/09/2024,9:11,Mallotus mollissimus ,Hanom-o,7.9,,,,,49.023055,,,,,NA,,,,N,NA,12.51563419,12.51563419,5.882348069,,,,,0,0,Sunny/Cloudy/windy,HIDED,HIDED,NA,NA,NA,29,72.3,26.66666667,45,6.266666667,0-20,40-60,0-20,92.2,HIDED,270,,5
O3SB,24 years old,S,5/09/2024,9:11,Psydrax dicoccos Gaertn.,Bagosalak,6.9,,,,,37.397655,,,,,NA,,,,E,NA,12.0597882,12.0597882,5.668100454,,,,,0,0,Sunny/Cloudy/windy,HIDED,HIDED,NA,NA,NA,29,72.3,26.66666667,45,6.266666667,0-20,40-60,0-20,92.2,HIDED,270,,5
O3SB,24 years old,S,5/09/2024,9:11,Homalanthus populneus,Balanti,7.7,,,,,46.572295,,,,,NA,,,,N,NA,12.69808831,12.69808831,5.968101506,,,,,0,0,Sunny/Cloudy/windy,HIDED,HIDED,NA,NA,NA,29,72.3,26.66666667,45,6.266666667,0-20,40-60,0-20,92.2,HIDED,270,,5
O3SB,24 years old,S,5/09/2024,9:11,Radermachera pinnata,Banai-banai,7.9,,,,,49.023055,,,,,NA,,,,N,NA,16.44911922,16.44911922,7.731086033,,,,,0,0,Sunny/Cloudy/windy,HIDED,HIDED,NA,NA,NA,29,72.3,26.66666667,45,6.266666667,0-20,40-60,0-20,92.2,HIDED,270,,5
O3SB,24 years old,S,5/09/2024,9:11,Macaranga tanarius (Linn.),Minonga,6.8,,,,,36.32152,,,,,NA,,,,N,NA,10.35310487,10.35310487,4.865959289,,,,,0,0,Sunny/Cloudy/windy,HIDED,HIDED,NA,NA,NA,29,72.3,26.66666667,45,6.266666667,0-20,40-60,0-20,92.2,HIDED,270,,5
O3SB,24 years old,S,5/09/2024,9:11,Hibiscus tiliaceus,Malabago,6.7,,,,,35.261095,,,,,NA,,,,N,NA,13.19920721,13.19920721,6.203627389,,,,,0,0,Sunny/Cloudy/windy,HIDED,HIDED,NA,NA,NA,29,72.3,26.66666667,45,6.266666667,0-20,40-60,0-20,92.2,HIDED,270,,5
O3SB,24 years old,S,5/09/2024,9:11,Hibiscus tiliaceus,Malabago,9.3,,,,,67.937895,,,,,6.4,,,,N,18.49521114,31.39764024,18.49521114,8.692749236,,,,,0,0,Sunny/Cloudy/windy,HIDED,HIDED,NA,NA,NA,29,72.3,26.66666667,45,6.266666667,0-20,40-60,0-20,92.2,HIDED,270,,5
O3SB,24 years old,S,5/09/2024,9:11,Acacia mangium,Mangium,52.5,,,,,2165.034375,,,,,NA,,,,E,NA,2631.50703,2631.50703,1236.808304,,,,,0,0,Sunny/Cloudy/windy,HIDED,HIDED,NA,NA,NA,29,72.3,26.66666667,45,6.266666667,0-20,40-60,0-20,92.2,HIDED,270,,5
O3SB,24 years old,S,5/09/2024,9:11,Vitex quinate,Kulipapa,13.8,,,,,149.59062,,,,,NA,,,,N,NA,83.24864571,83.24864571,39.12686348,,,,,0,0,Sunny/Cloudy/windy,HIDED,HIDED,NA,NA,NA,29,72.3,26.66666667,45,6.266666667,0-20,40-60,0-20,92.2,HIDED,270,,5
O3SB,24 years old,S,5/09/2024,9:11,Commersonia bartramina (L.) Merr.,Suyapao,5.2,,,,,21.23992,,,,,NA,,,,N,NA,4.891216668,4.891216668,2.298871834,,,,,0,0,Sunny/Cloudy/windy,HIDED,HIDED,NA,NA,NA,29,72.3,26.66666667,45,6.266666667,0-20,40-60,0-20,92.2,HIDED,270,,5
O3SB,24 years old,S,5/09/2024,9:11,Acacia mangium,Mangium,41.7,,,,,1365.898095,,,,,35.4,,,,E,1710.964805,1481.991007,1710.964805,804.1534584,,,,,0,0,Sunny/Cloudy/windy,HIDED,HIDED,NA,NA,NA,29,72.3,26.66666667,45,6.266666667,0-20,40-60,0-20,92.2,HIDED,270,,5
O3SB,24 years old,S,5/09/2024,9:11,Breynia vitis-idaea,Tulog-tulog,5.7,,,,,25.520895,,,,,NA,,,,N,NA,7.305363108,7.305363108,3.433520661,,,,,0,0,Sunny/Cloudy/windy,HIDED,HIDED,NA,NA,NA,29,72.3,26.66666667,45,6.266666667,0-20,40-60,0-20,92.2,HIDED,270,,5
O3SB,24 years old,S,5/09/2024,9:11,Mallotus mollissimus ,Hanom-o,7.7,,,,,46.572295,,,,,NA,,,,N,NA,11.69560766,11.69560766,5.4969356,,,,,0,0,Sunny/Cloudy/windy,HIDED,HIDED,NA,NA,NA,29,72.3,26.66666667,45,6.266666667,0-20,40-60,0-20,92.2,HIDED,270,,5
O3SB,24 years old,S,5/09/2024,9:11,Psydrax dicoccos Gaertn.,Bagosalak,10,,,,,78.55,,,,,NA,,,,E,NA,32.1878069,32.1878069,15.12826924,,,,,0,0,Sunny/Cloudy/windy,HIDED,HIDED,NA,NA,NA,29,72.3,26.66666667,45,6.266666667,0-20,40-60,0-20,92.2,HIDED,270,,5
O3SB,24 years old,S,5/09/2024,9:11,Leucyosyke capitellata,Anagasi,5.7,,,,,25.520895,,,,,NA,,,,N,NA,7.305363108,7.305363108,3.433520661,,,,,0,0,Sunny/Cloudy/windy,HIDED,HIDED,NA,NA,NA,29,72.3,26.66666667,45,6.266666667,0-20,40-60,0-20,92.2,HIDED,270,,5
O3SB,24 years old,S,5/09/2024,9:11,Acacia mangium,Mangium,14.4,,,,,162.88128,,,,,NA,,,,E,NA,93.20039557,93.20039557,43.80418592,,,,,0,0,Sunny/Cloudy/windy,HIDED,HIDED,NA,NA,NA,29,72.3,26.66666667,45,6.266666667,0-20,40-60,0-20,92.2,HIDED,270,,5
O3SB,24 years old,S,5/09/2024,9:11,Acacia mangium,Mangium,11,,,,,95.0455,,,,,NA,,,,E,NA,45.58583926,45.58583926,21.42534445,,,,,0,0,Sunny/Cloudy/windy,HIDED,HIDED,NA,NA,NA,29,72.3,26.66666667,45,6.266666667,0-20,40-60,0-20,92.2,HIDED,270,,5
O3SB,24 years old,S,5/09/2024,9:11,Acacia mangium,Mangium,8.4,,,,,55.42488,,,,,NA,,,,E,NA,22.29297771,22.29297771,10.47769952,,,,,0,0,Sunny/Cloudy/windy,HIDED,HIDED,NA,NA,NA,29,72.3,26.66666667,45,6.266666667,0-20,40-60,0-20,92.2,HIDED,270,,5
O3SB,24 years old,S,5/09/2024,9:11,Radermachera pinnata,Banai-banai,9.6,,,,,72.39168,,,,,7.3,,,,N,18.14944154,27.56477911,18.14944154,8.530237524,,,,,0,0,Sunny/Cloudy/windy,HIDED,HIDED,NA,NA,NA,29,72.3,26.66666667,45,6.266666667,0-20,40-60,0-20,92.2,HIDED,270,,5
O3SB,24 years old,S,5/09/2024,9:11,Acacia mangium,Mangium,6.8,,,,,36.32152,,,,,NA,,,,E,NA,12.76080368,12.76080368,5.99757773,,,,,0,0,Sunny/Cloudy/windy,HIDED,HIDED,NA,NA,NA,29,72.3,26.66666667,45,6.266666667,0-20,40-60,0-20,92.2,HIDED,270,,5
O3SB,24 years old,S,5/09/2024,9:11,Mallotus mollissimus ,Hanom-o,9.1,,,,,65.047255,,,,,NA,,,,N,NA,18.19932036,18.19932036,8.553680569,,,,,0,0,Sunny/Cloudy/windy,HIDED,HIDED,NA,NA,NA,29,72.3,26.66666667,45,6.266666667,0-20,40-60,0-20,92.2,HIDED,270,,5
O3SB,24 years old,S,5/09/2024,9:11,Homalanthus populneus,Balanti,5.5,,,,,23.761375,,,,,NA,,,,N,NA,5.246577465,5.246577465,2.465891409,,,,,0,0,Sunny/Cloudy/windy,HIDED,HIDED,NA,NA,NA,29,72.3,26.66666667,45,6.266666667,0-20,40-60,0-20,92.2,HIDED,270,,5
O3SB,24 years old,S,5/09/2024,9:11,Homalanthus populneus,Balanti,6.3,,,,,31.176495,,,,,NA,,,,N,NA,7.485355858,7.485355858,3.518117253,,,,,0,0,Sunny/Cloudy/windy,HIDED,HIDED,NA,NA,NA,29,72.3,26.66666667,45,6.266666667,0-20,40-60,0-20,92.2,HIDED,270,,5
O3SB,24 years old,S,5/09/2024,9:11,Alstonia scholaris,Dita,5.5,,,,,23.761375,,,,,NA,,,,N,NA,5.384645293,5.384645293,2.530783288,,,,,0,0,Sunny/Cloudy/windy,HIDED,HIDED,NA,NA,NA,29,72.3,26.66666667,45,6.266666667,0-20,40-60,0-20,92.2,HIDED,270,,5
O3SB,24 years old,S,5/09/2024,9:11,Mallotus mollissimus ,Hanom-o,6.2,,,,,30.19462,,,,,NA,,,,N,NA,6.610983138,6.610983138,3.107162075,,,,,0,0,Sunny/Cloudy/windy,HIDED,HIDED,NA,NA,NA,29,72.3,26.66666667,45,6.266666667,0-20,40-60,0-20,92.2,HIDED,270,,5
O3SB,24 years old,S,5/09/2024,9:11,Psydrax dicoccos Gaertn.,Bagosalak,10.3,,,,,83.333695,,,,,NA,,,,E,NA,34.81529417,34.81529417,16.36318826,,,,,0,0,Sunny/Cloudy/windy,HIDED,HIDED,NA,NA,NA,29,72.3,26.66666667,45,6.266666667,0-20,40-60,0-20,92.2,HIDED,270,,5
O3SB,24 years old,S,5/09/2024,9:11,Radermachera pinnata,Banai-banai,13.8,,,,,149.59062,,,,,10.3,,,,N,51.57506879,72.25354156,51.57506879,24.24028233,,,,,0,0,Sunny/Cloudy/windy,HIDED,HIDED,NA,NA,NA,29,72.3,26.66666667,45,6.266666667,0-20,40-60,0-20,92.2,HIDED,270,,5
O3SB,24 years old,S,5/09/2024,9:11,Acacia mangium,Mangium,37.9,,,,,1128.300055,,,,,NA,,,,E,NA,1163.828322,1163.828322,546.9993113,,,,,0,0,Sunny/Cloudy/windy,HIDED,HIDED,NA,NA,NA,29,72.3,26.66666667,45,6.266666667,0-20,40-60,0-20,92.2,HIDED,270,,5
O3SB,24 years old,S,5/09/2024,9:11,Artocarpus blancoi,Antipolo,5.2,,,,,21.23992,,,,,NA,,,,N,NA,5.129812603,5.129812603,2.411011923,,,,,0,0,Sunny/Cloudy/windy,HIDED,HIDED,NA,NA,NA,29,72.3,26.66666667,45,6.266666667,0-20,40-60,0-20,92.2,HIDED,270,,5
O3SB,24 years old,S,5/09/2024,9:11,Acacia mangium,Mangium,5.7,,,,,25.520895,,,,,NA,,,,E,NA,8.032868148,8.032868148,3.77544803,,,,,0,0,Sunny/Cloudy/windy,HIDED,HIDED,NA,NA,NA,29,72.3,26.66666667,45,6.266666667,0-20,40-60,0-20,92.2,HIDED,270,,5
O3SB,24 years old,S,5/09/2024,9:11,Acacia mangium,Mangium,7.5,,,,,44.184375,,,,,9.3,,,,E,16.3029898,16.52139576,16.3029898,7.662405206,,,,,0,0,Sunny/Cloudy/windy,HIDED,HIDED,NA,NA,NA,29,72.3,26.66666667,45,6.266666667,0-20,40-60,0-20,92.2,HIDED,270,,5
O3SB,24 years old,S,5/09/2024,9:11,Acacia mangium,Mangium,8.9,,,,,62.219455,,,,,11.3,,,,E,27.53735141,25.98247017,27.53735141,12.94255516,,,,,0,0,Sunny/Cloudy/windy,HIDED,HIDED,NA,NA,NA,29,72.3,26.66666667,45,6.266666667,0-20,40-60,0-20,92.2,HIDED,270,,5
O3SB,24 years old,S,5/09/2024,9:11,Acacia mangium,Mangium,8.2,,,,,52.81702,,,,,NA,,,,E,NA,20.91560664,20.91560664,9.830335121,,,,,0,0,Sunny/Cloudy/windy,HIDED,HIDED,NA,NA,NA,29,72.3,26.66666667,45,6.266666667,0-20,40-60,0-20,92.2,HIDED,270,,5
O4NB,24 years old,N,5/09/2024,11:55,Leucaena leucocephala,Ipil ipil,30.5,14.7862069,12.98789888,,,730.711375,8690.39496,217259.874,,,10.9,11.77142857,,,E,353.7759185,806.0288393,353.7759185,166.2746817,4161.876694,104046.9174,,,0,0,Sunny/Cloudy/windy,HIDED,HIDED,NA,NA,NA,31.6,69.4,28.33333333,79.33333333,5.033333333,0-20,40-60,0-20,92.2,HIDED,271,,6
O4NB,24 years old,N,5/09/2024,11:55,Mallotus mollissimus ,Hanom-o,34.2,,,,,918.75222,,,,,NA,,,,N,NA,591.5138041,591.5138041,278.0114879,,,,,0,0,Sunny/Cloudy/windy,HIDED,HIDED,NA,NA,NA,31.6,69.4,28.33333333,79.33333333,5.033333333,0-20,40-60,0-20,92.2,HIDED,271,,6
O4NB,24 years old,N,5/09/2024,11:55,Mallotus mollissimus ,Hanom-o,6.3,,,,,31.176495,,,,,NA,,,,N,NA,6.894406711,6.894406711,3.240371154,,,,,0,0,Sunny/Cloudy/windy,HIDED,HIDED,NA,NA,NA,31.6,69.4,28.33333333,79.33333333,5.033333333,0-20,40-60,0-20,92.2,HIDED,271,,6
O4NB,24 years old,N,5/09/2024,11:55,Macaranga tanarius (Linn.),Minonga,8.9,,,,,62.219455,,,,,NA,,,,N,NA,21.08011731,21.08011731,9.907655136,,,,,0,0,Sunny/Cloudy/windy,HIDED,HIDED,NA,NA,NA,31.6,69.4,28.33333333,79.33333333,5.033333333,0-20,40-60,0-20,92.2,HIDED,271,,6
O4NB,24 years old,N,5/09/2024,11:55,Homalanthus populneus,Balanti,5.7,,,,,25.520895,,,,,NA,,,,N,NA,5.759414899,5.759414899,2.706925003,,,,,0,0,Sunny/Cloudy/windy,HIDED,HIDED,NA,NA,NA,31.6,69.4,28.33333333,79.33333333,5.033333333,0-20,40-60,0-20,92.2,HIDED,271,,6
O4NB,24 years old,N,5/09/2024,11:55,Artocarpus blancoi,Antipolo,5.1,,,,,20.430855,,,,,NA,,,,N,NA,4.877245242,4.877245242,2.292305264,,,,,0,0,Sunny/Cloudy/windy,HIDED,HIDED,NA,NA,NA,31.6,69.4,28.33333333,79.33333333,5.033333333,0-20,40-60,0-20,92.2,HIDED,271,,6
O4NB,24 years old,N,5/09/2024,11:55,Cocos nucifera,Coconut,22.7,,,,,404.760295,,,,,14,,,,N,199.4312561,292.1866738,199.4312561,93.73269037,,,,,0,0,Sunny/Cloudy/windy,HIDED,HIDED,NA,NA,NA,31.6,69.4,28.33333333,79.33333333,5.033333333,0-20,40-60,0-20,92.2,HIDED,271,,6
O4NB,24 years old,N,5/09/2024,11:55,Alstonia scholaris,Dita,6.5,,,,,33.187375,,,,,NA,,,,N,NA,8.339417251,8.339417251,3.919526108,,,,,0,0,Sunny/Cloudy/windy,HIDED,HIDED,NA,NA,NA,31.6,69.4,28.33333333,79.33333333,5.033333333,0-20,40-60,0-20,92.2,HIDED,271,,6
O4NB,24 years old,N,5/09/2024,11:55,Leucaena leucocephala,Ipil ipil,5.3,,,,,22.064695,,,,,NA,,,,E,NA,8.023131155,8.023131155,3.770871643,,,,,0,0,Sunny/Cloudy/windy,HIDED,HIDED,NA,NA,NA,31.6,69.4,28.33333333,79.33333333,5.033333333,0-20,40-60,0-20,92.2,HIDED,271,,6
O4NB,24 years old,N,5/09/2024,11:55,Macaranga tanarius (Linn.),Minonga,20.3,,,,,323.696695,,,,,NA,,,,N,NA,187.4048886,187.4048886,88.08029764,,,,,0,0,Sunny/Cloudy/windy,HIDED,HIDED,NA,NA,NA,31.6,69.4,28.33333333,79.33333333,5.033333333,0-20,40-60,0-20,92.2,HIDED,271,,6
O4NB,24 years old,N,5/09/2024,11:55,Cocos nucifera,Coconut,29.7,,,,,692.881695,,,,,9.4,,,,N,228.4563125,587.9688142,228.4563125,107.3744669,,,,,0,0,Sunny/Cloudy/windy,HIDED,HIDED,NA,NA,NA,31.6,69.4,28.33333333,79.33333333,5.033333333,0-20,40-60,0-20,92.2,HIDED,271,,6
O4NB,24 years old,N,5/09/2024,11:55,Mallotus mollissimus ,Hanom-o,6.2,,,,,30.19462,,,,,NA,,,,N,NA,6.610983138,6.610983138,3.107162075,,,,,0,0,Sunny/Cloudy/windy,HIDED,HIDED,NA,NA,NA,31.6,69.4,28.33333333,79.33333333,5.033333333,0-20,40-60,0-20,92.2,HIDED,271,,6
O4NB,24 years old,N,5/09/2024,11:55,Leucaena leucocephala,Ipil ipil,9,,,,,63.6255,,,,,NA,,,,E,NA,32.31809231,32.31809231,15.18950339,,,,,0,0,Sunny/Cloudy/windy,HIDED,HIDED,NA,NA,NA,31.6,69.4,28.33333333,79.33333333,5.033333333,0-20,40-60,0-20,92.2,HIDED,271,,6
O4NB,24 years old,N,5/09/2024,11:55,Leucaena leucocephala,Ipil ipil,10.1,,,,,80.128855,,,,,NA,,,,E,NA,43.88288534,43.88288534,20.62495611,,,,,0,0,Sunny/Cloudy/windy,HIDED,HIDED,NA,NA,NA,31.6,69.4,28.33333333,79.33333333,5.033333333,0-20,40-60,0-20,92.2,HIDED,271,,6
O4NB,24 years old,N,5/09/2024,11:55,Macaranga tanarius (Linn.),Minonga,35.5,,,,,989.926375,,,,,NA,,,,N,NA,799.4002118,799.4002118,375.7180995,,,,,0,0,Sunny/Cloudy/windy,HIDED,HIDED,NA,NA,NA,31.6,69.4,28.33333333,79.33333333,5.033333333,0-20,40-60,0-20,92.2,HIDED,271,,6
O4NB,24 years old,N,5/09/2024,11:55,Artocarpus blancoi,Antipolo,5.5,,,,,23.761375,,,,,NA,,,,N,NA,5.936916605,5.936916605,2.790350804,,,,,0,0,Sunny/Cloudy/windy,HIDED,HIDED,NA,NA,NA,31.6,69.4,28.33333333,79.33333333,5.033333333,0-20,40-60,0-20,92.2,HIDED,271,,6
O4NB,24 years old,N,5/09/2024,11:55,Macaranga tanarius (Linn.),Minonga,6.9,,,,,37.397655,,,,,NA,,,,N,NA,10.75873221,10.75873221,5.056604139,,,,,0,0,Sunny/Cloudy/windy,HIDED,HIDED,NA,NA,NA,31.6,69.4,28.33333333,79.33333333,5.033333333,0-20,40-60,0-20,92.2,HIDED,271,,6
O4NB,24 years old,N,5/09/2024,11:55,Alstonia scholaris,Dita,5.7,,,,,25.520895,,,,,NA,,,,N,NA,5.910978449,5.910978449,2.778159871,,,,,0,0,Sunny/Cloudy/windy,HIDED,HIDED,NA,NA,NA,31.6,69.4,28.33333333,79.33333333,5.033333333,0-20,40-60,0-20,92.2,HIDED,271,,6
O4NB,24 years old,N,5/09/2024,11:55,Alstonia scholaris,Dita,5.3,,,,,22.064695,,,,,NA,,,,N,NA,4.889095548,4.889095548,2.297874908,,,,,0,0,Sunny/Cloudy/windy,HIDED,HIDED,NA,NA,NA,31.6,69.4,28.33333333,79.33333333,5.033333333,0-20,40-60,0-20,92.2,HIDED,271,,6
O4NB,24 years old,N,5/09/2024,11:55,Macaranga tanarius (Linn.),Minonga,14.9,,,,,174.388855,,,,,NA,,,,N,NA,82.77917428,82.77917428,38.90621191,,,,,0,0,Sunny/Cloudy/windy,HIDED,HIDED,NA,NA,NA,31.6,69.4,28.33333333,79.33333333,5.033333333,0-20,40-60,0-20,92.2,HIDED,271,,6
O4NB,24 years old,N,5/09/2024,11:55,Artocarpus nitidus (A. lamellosus) ,Kubi,7.1,,,,,39.597055,,,,,NA,,,,N,NA,12.94865441,12.94865441,6.085867573,,,,,0,0,Sunny/Cloudy/windy,HIDED,HIDED,NA,NA,NA,31.6,69.4,28.33333333,79.33333333,5.033333333,0-20,40-60,0-20,92.2,HIDED,271,,6
O4NB,24 years old,N,5/09/2024,11:55,Artocarpus nitidus (A. lamellosus) ,Kubi,6.5,,,,,33.187375,,,,,NA,,,,N,NA,10.26389816,10.26389816,4.824032135,,,,,0,0,Sunny/Cloudy/windy,HIDED,HIDED,NA,NA,NA,31.6,69.4,28.33333333,79.33333333,5.033333333,0-20,40-60,0-20,92.2,HIDED,271,,6
O4NB,24 years old,N,5/09/2024,11:55,Mallotus mollissimus ,Hanom-o,23.5,,,,,433.792375,,,,,11.5,,,,N,124.3343233,223.9343534,124.3343233,58.43713195,,,,,0,0,Sunny/Cloudy/windy,HIDED,HIDED,NA,NA,NA,31.6,69.4,28.33333333,79.33333333,5.033333333,0-20,40-60,0-20,92.2,HIDED,271,,6
O4NB,24 years old,N,5/09/2024,11:55,Mallotus mollissimus ,Hanom-o,11.2,,,,,98.53312,,,,,12.5,,,,N,31.74557724,31.5796224,31.74557724,14.9204213,,,,,0,0,Sunny/Cloudy/windy,HIDED,HIDED,NA,NA,NA,31.6,69.4,28.33333333,79.33333333,5.033333333,0-20,40-60,0-20,92.2,HIDED,271,,6
O4NB,24 years old,N,5/09/2024,11:55,Artocarpus blancoi,Antipolo,16.7,,,,,219.068095,,,,,12.8,,,,N,86.62829343,111.9696264,86.62829343,40.71529791,,,,,0,0,Sunny/Cloudy/windy,HIDED,HIDED,NA,NA,NA,31.6,69.4,28.33333333,79.33333333,5.033333333,0-20,40-60,0-20,92.2,HIDED,271,,6
O4NB,24 years old,N,5/09/2024,11:55,Acacia mangium,Mangium,60.5,,,,,2875.126375,,,,,11.3,,,,E,1160.644894,3723.165725,1160.644894,545.5031002,,,,,0,0,Sunny/Cloudy/windy,HIDED,HIDED,NA,NA,NA,31.6,69.4,28.33333333,79.33333333,5.033333333,0-20,40-60,0-20,92.2,HIDED,271,,6
O4NB,24 years old,N,5/09/2024,11:55,Homalanthus populneus,Balanti,6.5,,,,,33.187375,,,,,NA,,,,N,NA,8.125586039,8.125586039,3.819025438,,,,,0,0,Sunny/Cloudy/windy,HIDED,HIDED,NA,NA,NA,31.6,69.4,28.33333333,79.33333333,5.033333333,0-20,40-60,0-20,92.2,HIDED,271,,6
O4NB,24 years old,N,5/09/2024,11:55,Pipturus arborescens,Dalunot,5.8,,,,,26.42422,,,,,NA,,,,N,NA,7.172859164,7.172859164,3.371243807,,,,,0,0,Sunny/Cloudy/windy,HIDED,HIDED,NA,NA,NA,31.6,69.4,28.33333333,79.33333333,5.033333333,0-20,40-60,0-20,92.2,HIDED,271,,6
O4NB,24 years old,N,5/09/2024,11:55,Artocarpus blancoi,Antipolo,16.7,,,,,219.068095,,,,,NA,,,,N,NA,111.9696264,111.9696264,52.62572441,,,,,0,0,Sunny/Cloudy/windy,HIDED,HIDED,NA,NA,NA,31.6,69.4,28.33333333,79.33333333,5.033333333,0-20,40-60,0-20,92.2,HIDED,271,,6
R1SB,Remnant,S,31/08/2024,9:53,Ficus pseudopalma,Lubi lubi palm,11.2,13.08953846,8.222457136,12.70936632,9.2,98.53312,12146.81836,303670.4589,194742.3108,87181.07269,NA,19.43833333,13.79041667,6.8,N,NA,35.1887221,35.1887221,16.53869939,7657.069907,191426.7477,118252.3097,67860.54988,55578.6,31894.5,Cloudy,HIDED,HIDED,NA,NA,NA,28,86.5,26,62.33333333,6,0-20,40-60,60-80,92.46,HIDED,499,433.1257485,6
R1SB,Remnant,S,31/08/2024,9:53,Myristica philippinensis,Duguan,11.2,,,,,98.53312,,,,,NA,,,,N,NA,47.82057106,47.82057106,22.4756684,,,,,0,0,Cloudy,HIDED,HIDED,NA,NA,NA,28,86.5,26,62.33333333,6,0-20,40-60,60-80,92.46,HIDED,499,,6
R1SB,Remnant,S,31/08/2024,9:53,Sindora Supa,Supa,9.8,,,,,75.43942,,,,,NA,,,,N,NA,31.57823866,31.57823866,14.84177217,,,,,0,0,Cloudy,HIDED,HIDED,NA,NA,NA,28,86.5,26,62.33333333,6,0-20,40-60,60-80,92.46,HIDED,499,,6
R1SB,Remnant,S,31/08/2024,9:53,Cinnamomum mercadoi,Kalingan,10,,,,,78.55,,,,,NA,,,,N,NA,28.71526341,28.71526341,13.4961738,,,,,0,0,Cloudy,HIDED,HIDED,NA,NA,NA,28,86.5,26,62.33333333,6,0-20,40-60,60-80,92.46,HIDED,499,,6
R1SB,Remnant,S,31/08/2024,9:53,Caryota rumphiana,Pugahan,30,,,,,706.95,,,,,29.9,,,,E,719.2636069,602.1197552,719.2636069,338.0538952,,,,,0,0,Cloudy,HIDED,HIDED,NA,NA,NA,28,86.5,26,62.33333333,6,0-20,40-60,60-80,92.46,HIDED,499,,6
R1SB,Remnant,S,31/08/2024,9:53,Cinnamomum mercadoi,Kalingan,9,,,,,63.6255,,,,,NA,,,,N,NA,21.71371827,21.71371827,10.20544759,,,,,0,0,Cloudy,HIDED,HIDED,NA,NA,NA,28,86.5,26,62.33333333,6,0-20,40-60,60-80,92.46,HIDED,499,,6
R1SB,Remnant,S,31/08/2024,9:53,Lithocarpus celebicus,Ulaian,22.7,,,,,404.760295,,,,,NA,,,,N,NA,291.5549189,291.5549189,137.0308119,,,,,0,0,Cloudy,HIDED,HIDED,NA,NA,NA,28,86.5,26,62.33333333,6,0-20,40-60,60-80,92.46,HIDED,499,,6
R1SB,Remnant,S,31/08/2024,9:53,Diplodiscus paniculatus,Balubo,8.4,,,,,55.42488,,,,,NA,,,,N,NA,26.49919991,26.49919991,12.45462396,,,,,0,0,Cloudy,HIDED,HIDED,NA,NA,NA,28,86.5,26,62.33333333,6,0-20,40-60,60-80,92.46,HIDED,499,,6
R1SB,Remnant,S,31/08/2024,9:53,Sindora Supa,Supa,14.2,,,,,158.38822,,,,,NA,,,,N,NA,84.53929429,84.53929429,39.73346832,,,,,0,0,Cloudy,HIDED,HIDED,NA,NA,NA,28,86.5,26,62.33333333,6,0-20,40-60,60-80,92.46,HIDED,499,,6
R1SB,Remnant,S,31/08/2024,9:53,Diospyros blancoi,Kamagong,11.2,,,,,98.53312,,,,,NA,,,,N,NA,63.1592448,63.1592448,29.68484506,,,,,0,0,Cloudy,HIDED,HIDED,NA,NA,NA,28,86.5,26,62.33333333,6,0-20,40-60,60-80,92.46,HIDED,499,,6
R1SB,Remnant,S,31/08/2024,9:53,Shorea contorta,Lauan,13.9,,,,,151.766455,,,,,NA,,,,N,NA,68.84798645,68.84798645,32.35855363,,,,,0,0,Cloudy,HIDED,HIDED,NA,NA,NA,28,86.5,26,62.33333333,6,0-20,40-60,60-80,92.46,HIDED,499,,6
R1SB,Remnant,S,31/08/2024,9:53,Cinnamomum mercadoi,Kalingan,9.8,,,,,75.43942,,,,,NA,,,,N,NA,27.21613094,27.21613094,12.79158154,,,,,0,0,Cloudy,HIDED,HIDED,NA,NA,NA,28,86.5,26,62.33333333,6,0-20,40-60,60-80,92.46,HIDED,499,,6
R1SB,Remnant,S,31/08/2024,9:53,Cinnamomum mercadoi,Kalingan,14.2,,,,,158.38822,,,,,NA,,,,N,NA,72.86133111,72.86133111,34.24482562,,,,,0,0,Cloudy,HIDED,HIDED,NA,NA,NA,28,86.5,26,62.33333333,6,0-20,40-60,60-80,92.46,HIDED,499,,6
R1SB,Remnant,S,31/08/2024,9:53,Ficus variegata,Tangisang bayawak,6.2,,,,,30.19462,,,,,NA,,,,E,NA,5.28878651,5.28878651,2.48572966,,,,,0,0,Cloudy,HIDED,HIDED,NA,NA,NA,28,86.5,26,62.33333333,6,0-20,40-60,60-80,92.46,HIDED,499,,6
R1SB,Remnant,S,31/08/2024,9:53,Vitex quinate,Kulipapa,6.9,,,,,37.397655,,,,,NA,,,,N,NA,16.26319986,16.26319986,7.643703934,,,,,0,0,Cloudy,HIDED,HIDED,NA,NA,NA,28,86.5,26,62.33333333,6,0-20,40-60,60-80,92.46,HIDED,499,,6
R1SB,Remnant,S,31/08/2024,9:53,Vitex quinate,Kulipapa,7.7,,,,,46.572295,,,,,NA,,,,N,NA,21.72041422,21.72041422,10.20859468,,,,,0,0,Cloudy,HIDED,HIDED,NA,NA,NA,28,86.5,26,62.33333333,6,0-20,40-60,60-80,92.46,HIDED,499,,6
R1SB,Remnant,S,31/08/2024,9:53,Ficus pseudopalma,Lubi lubi palm,11.3,,,,,100.300495,,,,,NA,,,,N,NA,36.02943862,36.02943862,16.93383615,,,,,0,0,Cloudy,HIDED,HIDED,NA,NA,NA,28,86.5,26,62.33333333,6,0-20,40-60,60-80,92.46,HIDED,499,,6
R1SB,Remnant,S,31/08/2024,9:53,Pipturus arborescens,Dalunot,9.1,,,,,65.047255,,,,,NA,,,,N,NA,25.94281497,25.94281497,12.19312304,,,,,0,0,Cloudy,HIDED,HIDED,NA,NA,NA,28,86.5,26,62.33333333,6,0-20,40-60,60-80,92.46,HIDED,499,,6
R1SB,Remnant,S,31/08/2024,9:53,Sindora Supa,Supa,5.8,,,,,26.42422,,,,,NA,,,,N,NA,7.91353225,7.91353225,3.719360158,,,,,0,0,Cloudy,HIDED,HIDED,NA,NA,NA,28,86.5,26,62.33333333,6,0-20,40-60,60-80,92.46,HIDED,499,,6
R1SB,Remnant,S,31/08/2024,9:53,Vitex quinate,Kulipapa,9.9,,,,,76.986855,,,,,NA,,,,N,NA,42.26420384,42.26420384,19.8641758,,,,,0,0,Cloudy,HIDED,HIDED,NA,NA,NA,28,86.5,26,62.33333333,6,0-20,40-60,60-80,92.46,HIDED,499,,6
R1SB,Remnant,S,31/08/2024,9:53,Ficus pseudopalma,Lubi lubi palm,10.2,,,,,81.72342,,,,,NA,,,,N,NA,27.44976727,27.44976727,12.90139062,,,,,0,0,Cloudy,HIDED,HIDED,NA,NA,NA,28,86.5,26,62.33333333,6,0-20,40-60,60-80,92.46,HIDED,499,,6
R1SB,Remnant,S,31/08/2024,9:53,Lithocarpus celebicus,Ulaian,14.1,,,,,156.165255,,,,,NA,,,,N,NA,82.96895139,82.96895139,38.99540715,,,,,0,0,Cloudy,HIDED,HIDED,NA,NA,NA,28,86.5,26,62.33333333,6,0-20,40-60,60-80,92.46,HIDED,499,,6
R1SB,Remnant,S,31/08/2024,9:53,Ficus pseudopalma,Lubi lubi palm,13,,,,,132.7495,,,,,NA,,,,N,NA,52.2776561,52.2776561,24.57049837,,,,,0,0,Cloudy,HIDED,HIDED,NA,NA,NA,28,86.5,26,62.33333333,6,0-20,40-60,60-80,92.46,HIDED,499,,6
R1SB,Remnant,S,31/08/2024,9:53,Lithocarpus celebicus,Ulaian,29,,,,,660.6055,,,,,17.4,,,,N,396.889195,551.6254422,396.889195,186.5379217,,,,,0,0,Cloudy,HIDED,HIDED,NA,NA,NA,28,86.5,26,62.33333333,6,0-20,40-60,60-80,92.46,HIDED,499,,6
R1SB,Remnant,S,31/08/2024,9:53,Ficus pseudopalma,Lubi lubi palm,6.5,,,,,33.187375,,,,,NA,,,,N,NA,8.339417251,8.339417251,3.919526108,,,,,0,0,Cloudy,HIDED,HIDED,NA,NA,NA,28,86.5,26,62.33333333,6,0-20,40-60,60-80,92.46,HIDED,499,,6
R1SB,Remnant,S,31/08/2024,9:53,Ficus pseudopalma,Lubi lubi palm,10.12,,,,,80.4465112,,,,,NA,,,,N,NA,26.88193156,26.88193156,12.63450783,,,,,0,0,Cloudy,HIDED,HIDED,NA,NA,NA,28,86.5,26,62.33333333,6,0-20,40-60,60-80,92.46,HIDED,499,,6
R1SB,Remnant,S,31/08/2024,9:53,Ficus pseudopalma,Lubi lubi palm,12.8,,,,,128.69632,,,,,NA,,,,N,NA,50.16908247,50.16908247,23.57946876,,,,,0,0,Cloudy,HIDED,HIDED,NA,NA,NA,28,86.5,26,62.33333333,6,0-20,40-60,60-80,92.46,HIDED,499,,6
R1SB,Remnant,S,31/08/2024,9:53,Ficus pseudopalma,Lubi lubi palm,18.1,,,,,257.337655,,,,,NA,,,,N,NA,125.6297309,125.6297309,59.04597352,,,,,0,0,Cloudy,HIDED,HIDED,NA,NA,NA,28,86.5,26,62.33333333,6,0-20,40-60,60-80,92.46,HIDED,499,,6
R1SB,Remnant,S,31/08/2024,9:53,Ficus pseudopalma,Lubi lubi palm,10.8,,,,,91.62072,,,,,NA,,,,N,NA,31.94875255,31.94875255,15.0159137,,,,,0,0,Cloudy,HIDED,HIDED,NA,NA,NA,28,86.5,26,62.33333333,6,0-20,40-60,60-80,92.46,HIDED,499,,6
R1SB,Remnant,S,31/08/2024,9:53,Calophyllum blancoi,Bitang hol,7,,,,,38.4895,,,,,NA,,,,N,NA,11.95387754,11.95387754,5.618322444,,,,,0,0,Cloudy,HIDED,HIDED,NA,NA,NA,28,86.5,26,62.33333333,6,0-20,40-60,60-80,92.46,HIDED,499,,6
R1SB,Remnant,S,31/08/2024,9:53,Ficus pseudopalma,Lubi lubi palm,6.3,,,,,31.176495,,,,,NA,,,,N,NA,7.682338907,7.682338907,3.610699286,,,,,0,0,Cloudy,HIDED,HIDED,NA,NA,NA,28,86.5,26,62.33333333,6,0-20,40-60,60-80,92.46,HIDED,499,,6
R1SB,Remnant,S,31/08/2024,9:53,Lithocarpus celebicus,Ulaian,15.6,,,,,191.15928,,,,,NA,,,,N,NA,108.4733095,108.4733095,50.98245547,,,,,0,0,Cloudy,HIDED,HIDED,NA,NA,NA,28,86.5,26,62.33333333,6,0-20,40-60,60-80,92.46,HIDED,499,,6
R1SB,Remnant,S,31/08/2024,9:53,Ficus pseudopalma,Lubi lubi palm,12.1,,,,,115.005055,,,,,NA,,,,N,NA,43.20825775,43.20825775,20.30788114,,,,,0,0,Cloudy,HIDED,HIDED,NA,NA,NA,28,86.5,26,62.33333333,6,0-20,40-60,60-80,92.46,HIDED,499,,6
R1SB,Remnant,S,31/08/2024,9:53,Ficus pseudopalma,Lubi lubi palm,7.6,,,,,45.37048,,,,,NA,,,,N,NA,12.58994971,12.58994971,5.917276364,,,,,0,0,Cloudy,HIDED,HIDED,NA,NA,NA,28,86.5,26,62.33333333,6,0-20,40-60,60-80,92.46,HIDED,499,,6
R1SB,Remnant,S,31/08/2024,9:53,Ficus pseudopalma,Lubi lubi palm,13.4,,,,,141.04438,,,,,NA,,,,N,NA,56.6577655,56.6577655,26.62914979,,,,,0,0,Cloudy,HIDED,HIDED,NA,NA,NA,28,86.5,26,62.33333333,6,0-20,40-60,60-80,92.46,HIDED,499,,6
R1SB,Remnant,S,31/08/2024,9:53,Glochidion camiguinense ,Bunot,10.4,,,,,84.95968,,,,,NA,,,,N,NA,36.97380402,36.97380402,17.37768789,,,,,0,0,Cloudy,HIDED,HIDED,NA,NA,NA,28,86.5,26,62.33333333,6,0-20,40-60,60-80,92.46,HIDED,499,,6
R1SB,Remnant,S,31/08/2024,9:53,Radermachera pinnata,Banai-banai,14.7,,,,,169.738695,,,,,NA,,,,N,NA,85.43762253,85.43762253,40.15568259,,,,,0,0,Cloudy,HIDED,HIDED,NA,NA,NA,28,86.5,26,62.33333333,6,0-20,40-60,60-80,92.46,HIDED,499,,6
R1SB,Remnant,S,31/08/2024,9:53,Polyscias nodosa ,Malapapaya,5,,,,,19.6375,,,,,NA,,,,N,NA,3.447612799,3.447612799,1.620378016,,,,,0,0,Cloudy,HIDED,HIDED,NA,NA,NA,28,86.5,26,62.33333333,6,0-20,40-60,60-80,92.46,HIDED,499,,6
R1SB,Remnant,S,31/08/2024,9:53,Glochidion camiguinense ,Bunot,12,,,,,113.112,,,,,NA,,,,N,NA,54.07030985,54.07030985,25.41304563,,,,,0,0,Cloudy,HIDED,HIDED,NA,NA,NA,28,86.5,26,62.33333333,6,0-20,40-60,60-80,92.46,HIDED,499,,6
R1SB,Remnant,S,31/08/2024,9:53,Vitex quinate,Kulipapa,9.5,,,,,70.891375,,,,,NA,,,,N,NA,37.88309024,37.88309024,17.80505241,,,,,0,0,Cloudy,HIDED,HIDED,NA,NA,NA,28,86.5,26,62.33333333,6,0-20,40-60,60-80,92.46,HIDED,499,,6
R1SB,Remnant,S,31/08/2024,9:53,Ficus pseudopalma,Lubi lubi palm,6.8,,,,,36.32152,,,,,NA,,,,N,NA,9.390025346,9.390025346,4.413311913,,,,,0,0,Cloudy,HIDED,HIDED,NA,NA,NA,28,86.5,26,62.33333333,6,0-20,40-60,60-80,92.46,HIDED,499,,6
R1SB,Remnant,S,31/08/2024,9:53,Lithocarpus celebicus,Ulaian,32.3,,,,,819.504295,,,,,16.1,,,,N,454.0646539,728.2619402,454.0646539,213.4103873,,,,,0,0,Cloudy,HIDED,HIDED,NA,NA,NA,28,86.5,26,62.33333333,6,0-20,40-60,60-80,92.46,HIDED,499,,6
R1SB,Remnant,S,31/08/2024,9:53,Alstonia scholaris,Dita,9.2,,,,,66.48472,,,,,NA,,,,N,NA,20.87546967,20.87546967,9.811470745,,,,,0,0,Cloudy,HIDED,HIDED,NA,NA,NA,28,86.5,26,62.33333333,6,0-20,40-60,60-80,92.46,HIDED,499,,6
R1SB,Remnant,S,31/08/2024,9:53,Vitex quinate,Kulipapa,13.7,,,,,147.430495,,,,,NA,,,,N,NA,100.1456318,100.1456318,47.06844695,,,,,0,0,Cloudy,HIDED,HIDED,NA,NA,NA,28,86.5,26,62.33333333,6,0-20,40-60,60-80,92.46,HIDED,499,,6
R1SB,Remnant,S,31/08/2024,9:53,Ficus pseudopalma,Lubi lubi palm,8.5,,,,,56.752375,,,,,NA,,,,N,NA,16.92639416,16.92639416,7.955405255,,,,,0,0,Cloudy,HIDED,HIDED,NA,NA,NA,28,86.5,26,62.33333333,6,0-20,40-60,60-80,92.46,HIDED,499,,6
R1SB,Remnant,S,31/08/2024,9:53,Lithocarpus celebicus,Ulaian,38.8,,,,,1182.52312,,,,,18.8,,,,N,755.5616507,1162.781554,755.5616507,355.1139758,,,,,0,0,Cloudy,HIDED,HIDED,NA,NA,NA,28,86.5,26,62.33333333,6,0-20,40-60,60-80,92.46,HIDED,499,,6
R1SB,Remnant,S,31/08/2024,9:53,Vitex quinate,Kulipapa,9.6,,,,,72.39168,,,,,NA,,,,N,NA,38.95023135,38.95023135,18.30660873,,,,,0,0,Cloudy,HIDED,HIDED,NA,NA,NA,28,86.5,26,62.33333333,6,0-20,40-60,60-80,92.46,HIDED,499,,6
R1SB,Remnant,S,31/08/2024,9:53,Glochidion camiguinense ,Bunot,21.9,,,,,376.733655,,,,,NA,,,,N,NA,265.3896428,265.3896428,124.7331321,,,,,0,0,Cloudy,HIDED,HIDED,NA,NA,NA,28,86.5,26,62.33333333,6,0-20,40-60,60-80,92.46,HIDED,499,,6
R1SB,Remnant,S,31/08/2024,9:53,Lithocarpus celebicus,Ulaian,8.1,,,,,51.536655,,,,,NA,,,,N,NA,19.06018255,19.06018255,8.958285799,,,,,0,0,Cloudy,HIDED,HIDED,NA,NA,NA,28,86.5,26,62.33333333,6,0-20,40-60,60-80,92.46,HIDED,499,,6
R1SB,Remnant,S,31/08/2024,9:53,Lithocarpus celebicus,Ulaian,22.8,,,,,408.33432,,,,,NA,,,,N,NA,294.9301499,294.9301499,138.6171705,,,,,0,0,Cloudy,HIDED,HIDED,NA,NA,NA,28,86.5,26,62.33333333,6,0-20,40-60,60-80,92.46,HIDED,499,,6
R1SB,Remnant,S,31/08/2024,9:53,Lithocarpus celebicus,Ulaian,6.1,,,,,29.228455,,,,,NA,,,,N,NA,9.030520808,9.030520808,4.24434478,,,,,0,0,Cloudy,HIDED,HIDED,NA,NA,NA,28,86.5,26,62.33333333,6,0-20,40-60,60-80,92.46,HIDED,499,,6
R1SB,Remnant,S,31/08/2024,9:53,Lithocarpus celebicus,Ulaian,7.9,,,,,49.023055,,,,,NA,,,,N,NA,17.84081908,17.84081908,8.385184968,,,,,0,0,Cloudy,HIDED,HIDED,NA,NA,NA,28,86.5,26,62.33333333,6,0-20,40-60,60-80,92.46,HIDED,499,,6
R1SB,Remnant,S,31/08/2024,9:53,Lithocarpus celebicus,Ulaian,43.3,,,,,1472.726095,,,,,NA,,,,N,NA,1533.653684,1533.653684,720.8172315,,,,,0,0,Cloudy,HIDED,HIDED,NA,NA,NA,28,86.5,26,62.33333333,6,0-20,40-60,60-80,92.46,HIDED,499,,6
R1SB,Remnant,S,31/08/2024,9:53,Cratoxylum sumatranum,Paguringon,6.2,,,,,30.19462,,,,,NA,,,,N,NA,11.14422872,11.14422872,5.237787498,,,,,0,0,Cloudy,HIDED,HIDED,NA,NA,NA,28,86.5,26,62.33333333,6,0-20,40-60,60-80,92.46,HIDED,499,,6
R1SB,Remnant,S,31/08/2024,9:53,Morinda citrifolia,Noni,9.9,,,,,76.986855,,,,,NA,,,,E,NA,40.9637668,40.9637668,19.2529704,,,,,0,0,Cloudy,HIDED,HIDED,NA,NA,NA,28,86.5,26,62.33333333,6,0-20,40-60,60-80,92.46,HIDED,499,,6
R1SB,Remnant,S,31/08/2024,9:53,Lithocarpus celebicus,Ulaian,32.1,,,,,809.387055,,,,,17.5,,,,N,486.6259631,716.7327238,486.6259631,228.7142027,,,,,0,0,Cloudy,HIDED,HIDED,NA,NA,NA,28,86.5,26,62.33333333,6,0-20,40-60,60-80,92.46,HIDED,499,,6
R1SB,Remnant,S,31/08/2024,9:53,Morinda citrifolia,Noni,5.6,,,,,24.63328,,,,,NA,,,,E,NA,9.117094301,9.117094301,4.285034321,,,,,0,0,Cloudy,HIDED,HIDED,NA,NA,NA,28,86.5,26,62.33333333,6,0-20,40-60,60-80,92.46,HIDED,499,,6
R1SB,Remnant,S,31/08/2024,9:53,Vitex quinate,Kulipapa,7,,,,,38.4895,,,,,NA,,,,N,NA,16.8913487,16.8913487,7.938933889,,,,,0,0,Cloudy,HIDED,HIDED,NA,NA,NA,28,86.5,26,62.33333333,6,0-20,40-60,60-80,92.46,HIDED,499,,6
R1SB,Remnant,S,31/08/2024,9:53,Vitex quinate,Kulipapa,9.6,,,,,72.39168,,,,,NA,,,,N,NA,38.95023135,38.95023135,18.30660873,,,,,0,0,Cloudy,HIDED,HIDED,NA,NA,NA,28,86.5,26,62.33333333,6,0-20,40-60,60-80,92.46,HIDED,499,,6
R1SB,Remnant,S,31/08/2024,9:53,Calophyllum blancoi,Bitang hol,7.8,,,,,47.78982,,,,,NA,,,,N,NA,15.90448193,15.90448193,7.475106507,,,,,0,0,Cloudy,HIDED,HIDED,NA,NA,NA,28,86.5,26,62.33333333,6,0-20,40-60,60-80,92.46,HIDED,499,,6
R1SB,Remnant,S,31/08/2024,9:53,Lithocarpus celebicus,Ulaian,10.2,,,,,81.72342,,,,,NA,,,,N,NA,35.11591848,35.11591848,16.50448169,,,,,0,0,Cloudy,HIDED,HIDED,NA,NA,NA,28,86.5,26,62.33333333,6,0-20,40-60,60-80,92.46,HIDED,499,,6
R1SB,Remnant,S,31/08/2024,9:53,Vitex quinate,Kulipapa,9.1,,,,,65.047255,,,,,NA,,,,N,NA,33.79873781,33.79873781,15.88540677,,,,,0,0,Cloudy,HIDED,HIDED,NA,NA,NA,28,86.5,26,62.33333333,6,0-20,40-60,60-80,92.46,HIDED,499,,6
R1SB,Remnant,S,31/08/2024,9:53,Lithocarpus celebicus,Ulaian,28.3,,,,,629.099095,,,,,16.93,,,,N,368.4246086,517.822375,368.4246086,173.159566,,,,,0,0,Cloudy,HIDED,HIDED,NA,NA,NA,28,86.5,26,62.33333333,6,0-20,40-60,60-80,92.46,HIDED,499,,6
R1SB,Remnant,S,31/08/2024,9:53,Lithocarpus celebicus,Ulaian,12.2,,,,,116.91382,,,,,NA,,,,N,NA,56.49713201,56.49713201,26.55365204,,,,,0,0,Cloudy,HIDED,HIDED,NA,NA,NA,28,86.5,26,62.33333333,6,0-20,40-60,60-80,92.46,HIDED,499,,6
R1SB,Remnant,S,31/08/2024,9:53,Myristica philippinensis,Duguan,13.1,,,,,134.799655,,,,,NA,,,,N,NA,72.50429905,72.50429905,34.07702055,,,,,0,0,Cloudy,HIDED,HIDED,NA,NA,NA,28,86.5,26,62.33333333,6,0-20,40-60,60-80,92.46,HIDED,499,,6
R2NB,Remnant,N,31/08/2024,13:31,"Musa acuminata, Musa balbisiana (Musa spp.)",Banana,13.7,9.848780488,4.373506714,,,147.430495,3724.87242,93121.8105,,,NA,7.35,,,N,NA,NA,NA,NA,1243.774097,31094.35243,,,0,0,Light rain,HIDED,HIDED,NA,NA,NA,27.4,87.7,26,59,5.266666667,0-20,40-60,20-40,92.46,HIDED,472,,7
R2NB,Remnant,N,31/08/2024,13:31,"Musa acuminata, Musa balbisiana (Musa spp.)",Banana,18,,,,,254.502,,,,,NA,,,,N,NA,NA,NA,NA,,,,,0,0,Light rain,HIDED,HIDED,NA,NA,NA,27.4,87.7,26,59,5.266666667,0-20,40-60,20-40,92.46,HIDED,472,,7
R2NB,Remnant,N,31/08/2024,13:31,"Musa acuminata, Musa balbisiana (Musa spp.)",Banana,12.2,,,,,116.91382,,,,,NA,,,,N,NA,NA,NA,NA,,,,,0,0,Light rain,HIDED,HIDED,NA,NA,NA,27.4,87.7,26,59,5.266666667,0-20,40-60,20-40,92.46,HIDED,472,,7
R2NB,Remnant,N,31/08/2024,13:31,"Musa acuminata, Musa balbisiana (Musa spp.)",Banana,5.8,,,,,26.42422,,,,,NA,,,,N,NA,NA,NA,NA,,,,,0,0,Light rain,HIDED,HIDED,NA,NA,NA,27.4,87.7,26,59,5.266666667,0-20,40-60,20-40,92.46,HIDED,472,,7
R2NB,Remnant,N,31/08/2024,13:31,Leucyosyke capitellata,Anagasi,13.1,,,,,134.799655,,,,,NA,,,,N,NA,70.17868946,70.17868946,32.98398405,,,,,0,0,Light rain,HIDED,HIDED,NA,NA,NA,27.4,87.7,26,59,5.266666667,0-20,40-60,20-40,92.46,HIDED,472,,7
R2NB,Remnant,N,31/08/2024,13:31,Pipturus arborescens,Dalunot,9.5,,,,,70.891375,,,,,NA,,,,N,NA,29.89850045,29.89850045,14.05229521,,,,,0,0,Light rain,HIDED,HIDED,NA,NA,NA,27.4,87.7,26,59,5.266666667,0-20,40-60,20-40,92.46,HIDED,472,,7
R2NB,Remnant,N,31/08/2024,13:31,Dendrocnide meyeniana,Lipang kalaban,17.4,,,,,237.81798,,,,,4.8,,,,N,42.80881369,148.901964,42.80881369,20.12014243,,,,,0,0,Light rain,HIDED,HIDED,NA,NA,NA,27.4,87.7,26,59,5.266666667,0-20,40-60,20-40,92.46,HIDED,472,,7
R2NB,Remnant,N,31/08/2024,13:31,Pipturus arborescens,Dalunot,6.2,,,,,30.19462,,,,,NA,,,,N,NA,9.689812428,9.689812428,4.554211841,,,,,0,0,Light rain,HIDED,HIDED,NA,NA,NA,27.4,87.7,26,59,5.266666667,0-20,40-60,20-40,92.46,HIDED,472,,7
R2NB,Remnant,N,31/08/2024,13:31,Dendrocnide meyeniana,Lipang kalaban,7.6,,,,,45.37048,,,,,NA,,,,N,NA,16.56062616,16.56062616,7.783494295,,,,,0,0,Light rain,HIDED,HIDED,NA,NA,NA,27.4,87.7,26,59,5.266666667,0-20,40-60,20-40,92.46,HIDED,472,,7
R2NB,Remnant,N,31/08/2024,13:31,Pipturus arborescens,Dalunot,9.6,,,,,72.39168,,,,,NA,,,,N,NA,30.74072105,30.74072105,14.44813889,,,,,0,0,Light rain,HIDED,HIDED,NA,NA,NA,27.4,87.7,26,59,5.266666667,0-20,40-60,20-40,92.46,HIDED,472,,7
R2NB,Remnant,N,31/08/2024,13:31,Pipturus arborescens,Dalunot,7.7,,,,,46.572295,,,,,NA,,,,N,NA,17.14241922,17.14241922,8.056937033,,,,,0,0,Light rain,HIDED,HIDED,NA,NA,NA,27.4,87.7,26,59,5.266666667,0-20,40-60,20-40,92.46,HIDED,472,,7
R2NB,Remnant,N,31/08/2024,13:31,Pipturus arborescens,Dalunot,5.2,,,,,21.23992,,,,,NA,,,,N,NA,6.119985733,6.119985733,2.876393295,,,,,0,0,Light rain,HIDED,HIDED,NA,NA,NA,27.4,87.7,26,59,5.266666667,0-20,40-60,20-40,92.46,HIDED,472,,7
R2NB,Remnant,N,31/08/2024,13:31,Dendrocnide meyeniana,Lipang kalaban,8.7,,,,,59.454495,,,,,NA,,,,N,NA,23.67925255,23.67925255,11.1292487,,,,,0,0,Light rain,HIDED,HIDED,NA,NA,NA,27.4,87.7,26,59,5.266666667,0-20,40-60,20-40,92.46,HIDED,472,,7
R2NB,Remnant,N,31/08/2024,13:31,Dendrocnide meyeniana,Lipang kalaban,6.1,,,,,29.228455,,,,,NA,,,,N,NA,9.28539087,9.28539087,4.364133709,,,,,0,0,Light rain,HIDED,HIDED,NA,NA,NA,27.4,87.7,26,59,5.266666667,0-20,40-60,20-40,92.46,HIDED,472,,7
R2NB,Remnant,N,31/08/2024,13:31,Pipturus arborescens,Dalunot,6.5,,,,,33.187375,,,,,NA,,,,N,NA,10.96954115,10.96954115,5.155684341,,,,,0,0,Light rain,HIDED,HIDED,NA,NA,NA,27.4,87.7,26,59,5.266666667,0-20,40-60,20-40,92.46,HIDED,472,,7
R2NB,Remnant,N,31/08/2024,13:31,Radermachera pinnata,Banai-banai,21.5,,,,,363.097375,,,,,NA,,,,N,NA,233.13495,233.13495,109.5734265,,,,,0,0,Light rain,HIDED,HIDED,NA,NA,NA,27.4,87.7,26,59,5.266666667,0-20,40-60,20-40,92.46,HIDED,472,,7
R2NB,Remnant,N,31/08/2024,13:31,Pipturus arborescens,Dalunot,9.7,,,,,73.907695,,,,,NA,,,,N,NA,31.59768027,31.59768027,14.85090973,,,,,0,0,Light rain,HIDED,HIDED,NA,NA,NA,27.4,87.7,26,59,5.266666667,0-20,40-60,20-40,92.46,HIDED,472,,7
R2NB,Remnant,N,31/08/2024,13:31,Pipturus arborescens,Dalunot,8.2,,,,,52.81702,,,,,NA,,,,N,NA,20.24472869,20.24472869,9.515022484,,,,,0,0,Light rain,HIDED,HIDED,NA,NA,NA,27.4,87.7,26,59,5.266666667,0-20,40-60,20-40,92.46,HIDED,472,,7
R2NB,Remnant,N,31/08/2024,13:31,Caryota rumphiana,Pugahan,10.5,,,,,86.601375,,,,,NA,,,,E,NA,38.99570801,38.99570801,18.32798276,,,,,0,0,Light rain,HIDED,HIDED,NA,NA,NA,27.4,87.7,26,59,5.266666667,0-20,40-60,20-40,92.46,HIDED,472,,7
R2NB,Remnant,N,31/08/2024,13:31,Pipturus arborescens,Dalunot,7,,,,,38.4895,,,,,NA,,,,N,NA,13.33117213,13.33117213,6.265650901,,,,,0,0,Light rain,HIDED,HIDED,NA,NA,NA,27.4,87.7,26,59,5.266666667,0-20,40-60,20-40,92.46,HIDED,472,,7
R2NB,Remnant,N,31/08/2024,13:31,Radermachera pinnata,Banai-banai,8.6,,,,,58.09558,,,,,NA,,,,N,NA,20.59251197,20.59251197,9.678480626,,,,,0,0,Light rain,HIDED,HIDED,NA,NA,NA,27.4,87.7,26,59,5.266666667,0-20,40-60,20-40,92.46,HIDED,472,,7
R2NB,Remnant,N,31/08/2024,13:31,Dendrocnide meyeniana,Lipang kalaban,7,,,,,38.4895,,,,,NA,,,,N,NA,13.33117213,13.33117213,6.265650901,,,,,0,0,Light rain,HIDED,HIDED,NA,NA,NA,27.4,87.7,26,59,5.266666667,0-20,40-60,20-40,92.46,HIDED,472,,7
R2NB,Remnant,N,31/08/2024,13:31,Radermachera pinnata,Banai-banai,8.3,,,,,54.113095,,,,,NA,,,,N,NA,18.74488847,18.74488847,8.810097581,,,,,0,0,Light rain,HIDED,HIDED,NA,NA,NA,27.4,87.7,26,59,5.266666667,0-20,40-60,20-40,92.46,HIDED,472,,7
R2NB,Remnant,N,31/08/2024,13:31,Pipturus arborescens,Dalunot,5.2,,,,,21.23992,,,,,NA,,,,N,NA,6.119985733,6.119985733,2.876393295,,,,,0,0,Light rain,HIDED,HIDED,NA,NA,NA,27.4,87.7,26,59,5.266666667,0-20,40-60,20-40,92.46,HIDED,472,,7
R2NB,Remnant,N,31/08/2024,13:31,Pipturus arborescens,Dalunot,8.1,,,,,51.536655,,,,,NA,,,,N,NA,19.59812162,19.59812162,9.211117161,,,,,0,0,Light rain,HIDED,HIDED,NA,NA,NA,27.4,87.7,26,59,5.266666667,0-20,40-60,20-40,92.46,HIDED,472,,7
R2NB,Remnant,N,31/08/2024,13:31,Angiopteris evecta ,Tree fern,5.5,,,,,23.761375,,,,,NA,,,,E,NA,7.082879578,7.082879578,3.328953402,,,,,0,0,Light rain,HIDED,HIDED,NA,NA,NA,27.4,87.7,26,59,5.266666667,0-20,40-60,20-40,92.46,HIDED,472,,7
R2NB,Remnant,N,31/08/2024,13:31,Fagrea racemosa ,Malacape,7.2,,,,,40.72032,,,,,NA,,,,E,NA,17.91331328,17.91331328,8.419257242,,,,,0,0,Light rain,HIDED,HIDED,NA,NA,NA,27.4,87.7,26,59,5.266666667,0-20,40-60,20-40,92.46,HIDED,472,,7
R2NB,Remnant,N,31/08/2024,13:31,Pipturus arborescens,Dalunot,6.8,,,,,36.32152,,,,,NA,,,,N,NA,12.35149488,12.35149488,5.805202594,,,,,0,0,Light rain,HIDED,HIDED,NA,NA,NA,27.4,87.7,26,59,5.266666667,0-20,40-60,20-40,92.46,HIDED,472,,7
R2NB,Remnant,N,31/08/2024,13:31,Pipturus arborescens,Dalunot,16.5,,,,,213.852375,,,,,7.2,,,,N,57.32905568,129.3913552,57.32905568,26.94465617,,,,,0,0,Light rain,HIDED,HIDED,NA,NA,NA,27.4,87.7,26,59,5.266666667,0-20,40-60,20-40,92.46,HIDED,472,,7
R2NB,Remnant,N,31/08/2024,13:31,Mallotus philippensis,Banato,20.2,,,,,320.51542,,,,,7.7,,,,N,112.7476607,275.3282568,112.7476607,52.99140053,,,,,0,0,Light rain,HIDED,HIDED,NA,NA,NA,27.4,87.7,26,59,5.266666667,0-20,40-60,20-40,92.46,HIDED,472,,7
R2NB,Remnant,N,31/08/2024,13:31,Ficus heteropoda,Alangas,7.9,,,,,49.023055,,,,,8.9,,,,N,12.81347274,13.94599238,12.81347274,6.022332188,,,,,0,0,Light rain,HIDED,HIDED,NA,NA,NA,27.4,87.7,26,59,5.266666667,0-20,40-60,20-40,92.46,HIDED,472,,7
R2NB,Remnant,N,31/08/2024,13:31,Ficus pseudopalma,Lubi lubi palm,13.2,,,,,136.86552,,,,,6.8,,,,N,26.84003842,54.44038511,26.84003842,12.61481806,,,,,0,0,Light rain,HIDED,HIDED,NA,NA,NA,27.4,87.7,26,59,5.266666667,0-20,40-60,20-40,92.46,HIDED,472,,7
R2NB,Remnant,N,31/08/2024,13:31,Lithocarpus celebicus,Ulaian,11.2,,,,,98.53312,,,,,NA,,,,N,NA,46.28670369,46.28670369,21.75475073,,,,,0,0,Light rain,HIDED,HIDED,NA,NA,NA,27.4,87.7,26,59,5.266666667,0-20,40-60,20-40,92.46,HIDED,472,,7
R2NB,Remnant,N,31/08/2024,13:31,Vitex quinate,Kulipapa,6,,,,,28.278,,,,,NA,,,,N,NA,11.26646823,11.26646823,5.295240068,,,,,0,0,Light rain,HIDED,HIDED,NA,NA,NA,27.4,87.7,26,59,5.266666667,0-20,40-60,20-40,92.46,HIDED,472,,7
R2NB,Remnant,N,31/08/2024,13:31,Garcinia ituman,Ituman,5.3,,,,,22.064695,,,,,NA,,,,N,NA,6.431041067,6.431041067,3.022589301,,,,,0,0,Light rain,HIDED,HIDED,NA,NA,NA,27.4,87.7,26,59,5.266666667,0-20,40-60,20-40,92.46,HIDED,472,,7
R2NB,Remnant,N,31/08/2024,13:31,Ficus balete,Dakitan (or Pakitan),6.7,,,,,35.261095,,,,,NA,,,,N,NA,15.05172752,15.05172752,7.074311934,,,,,0,0,Light rain,HIDED,HIDED,NA,NA,NA,27.4,87.7,26,59,5.266666667,0-20,40-60,20-40,92.46,HIDED,472,,7
R2NB,Remnant,N,31/08/2024,13:31,Leea aculeata,Amamali,7.4,,,,,43.01398,,,,,NA,,,,N,NA,15.43482121,15.43482121,7.254365969,,,,,0,0,Light rain,HIDED,HIDED,NA,NA,NA,27.4,87.7,26,59,5.266666667,0-20,40-60,20-40,92.46,HIDED,472,,7
R2NB,Remnant,N,31/08/2024,13:31,Leucyosyke capitellata,Anagasi,8.8,,,,,60.82912,,,,,NA,,,,N,NA,24.40719866,24.40719866,11.47138337,,,,,0,0,Light rain,HIDED,HIDED,NA,NA,NA,27.4,87.7,26,59,5.266666667,0-20,40-60,20-40,92.46,HIDED,472,,7
R2NB,Remnant,N,31/08/2024,13:31,Dendrocnide meyeniana,Lipang kalaban,12.5,,,,,122.734375,,,,,NA,,,,N,NA,61.96338218,61.96338218,29.12278962,,,,,0,0,Light rain,HIDED,HIDED,NA,NA,NA,27.4,87.7,26,59,5.266666667,0-20,40-60,20-40,92.46,HIDED,472,,7
R2NB,Remnant,N,31/08/2024,13:31,"Musa acuminata, Musa balbisiana (Musa spp.)",Banana,8.7,,,,,59.454495,,,,,8.7,,,,N,NA,NA,NA,NA,,,,,0,0,Light rain,HIDED,HIDED,NA,NA,NA,27.4,87.7,26,59,5.266666667,0-20,40-60,20-40,92.46,HIDED,472,,7
R2NB,Remnant,N,31/08/2024,13:31,Ficus heteropoda,Alangas,18.5,,,,,268.837375,,,,,NA,,,,N,NA,133.0901677,133.0901677,62.55237882,,,,,0,0,Light rain,HIDED,HIDED,NA,NA,NA,27.4,87.7,26,59,5.266666667,0-20,40-60,20-40,92.46,HIDED,472,,7
R3SB,Remnant,S,3/09/2024,10:15,Ficus ulmifolia,Is is,5.9,15.465,17.49704562,,,27.343255,8326.386405,208159.6601,,,NA,17.94,,,N,NA,6.302997669,6.302997669,2.962408904,5792.775103,144819.3776,,,0,0,Sunny/Cloudy,HIDED,HIDED,NA,NA,NA,30,72.9,27,36.33333333,6.566666667,0-20,40-60,20-40,92.46,HIDED,320,,4.75
R3SB,Remnant,S,3/09/2024,10:15,Polyscias nodosa ,Malapapaya,7,,,,,38.4895,,,,,NA,,,,N,NA,8.315740897,8.315740897,3.908398222,,,,,0,0,Sunny/Cloudy,HIDED,HIDED,NA,NA,NA,30,72.9,27,36.33333333,6.566666667,0-20,40-60,20-40,92.46,HIDED,320,,4.75
R3SB,Remnant,S,3/09/2024,10:15,Leucyosyke capitellata,Anagasi,5.9,,,,,27.343255,,,,,NA,,,,N,NA,7.145098572,7.145098572,3.358196329,,,,,0,0,Sunny/Cloudy,HIDED,HIDED,NA,NA,NA,30,72.9,27,36.33333333,6.566666667,0-20,40-60,20-40,92.46,HIDED,320,,4.75
R3SB,Remnant,S,3/09/2024,10:15,Morinda citrifolia,Noni,5.3,,,,,22.064695,,,,,NA,,,,E,NA,7.897769731,7.897769731,3.711951774,,,,,0,0,Sunny/Cloudy,HIDED,HIDED,NA,NA,NA,30,72.9,27,36.33333333,6.566666667,0-20,40-60,20-40,92.46,HIDED,320,,4.75
R3SB,Remnant,S,3/09/2024,10:15,NA,Unknown,7.9,,,,,49.023055,,,,,NA,,,,,NA,15.40385746,15.40385746,7.239813006,,,,,0,0,Sunny/Cloudy,HIDED,HIDED,NA,NA,NA,30,72.9,27,36.33333333,6.566666667,0-20,40-60,20-40,92.46,HIDED,320,,4.75
R3SB,Remnant,S,3/09/2024,10:15,Artocarpus blancoi,Antipolo,9.4,,,,,69.40678,,,,,NA,,,,N,NA,24.36743689,24.36743689,11.45269534,,,,,0,0,Sunny/Cloudy,HIDED,HIDED,NA,NA,NA,30,72.9,27,36.33333333,6.566666667,0-20,40-60,20-40,92.46,HIDED,320,,4.75
R3SB,Remnant,S,3/09/2024,10:15,Calamus rotang,Rattan,5.2,,,,,21.23992,,,,,NA,,,,E,NA,5.230757037,5.230757037,2.458455807,,,,,0,0,Sunny/Cloudy,HIDED,HIDED,NA,NA,NA,30,72.9,27,36.33333333,6.566666667,0-20,40-60,20-40,92.46,HIDED,320,,4.75
R3SB,Remnant,S,3/09/2024,10:15,Macaranga tanarius (Linn.),Binonga,10,,,,,78.55,,,,,NA,,,,N,NA,28.71526341,28.71526341,13.4961738,,,,,0,0,Sunny/Cloudy,HIDED,HIDED,NA,NA,NA,30,72.9,27,36.33333333,6.566666667,0-20,40-60,20-40,92.46,HIDED,320,,4.75
R3SB,Remnant,S,3/09/2024,10:15,Macaranga tanarius (Linn.),Binonga,24.8,,,,,483.11392,,,,,NA,,,,N,NA,316.6569352,316.6569352,148.8287595,,,,,0,0,Sunny/Cloudy,HIDED,HIDED,NA,NA,NA,30,72.9,27,36.33333333,6.566666667,0-20,40-60,20-40,92.46,HIDED,320,,4.75
R3SB,Remnant,S,3/09/2024,10:15,Tabernaemontana pandacaqui,Pandakaki,8.2,,,,,52.81702,,,,,NA,,,,E,NA,17.30318691,17.30318691,8.132497848,,,,,0,0,Sunny/Cloudy,HIDED,HIDED,NA,NA,NA,30,72.9,27,36.33333333,6.566666667,0-20,40-60,20-40,92.46,HIDED,320,,4.75
R3SB,Remnant,S,3/09/2024,10:15,Calamus rotang,Rattan,5.2,,,,,21.23992,,,,,NA,,,,E,NA,5.230757037,5.230757037,2.458455807,,,,,0,0,Sunny/Cloudy,HIDED,HIDED,NA,NA,NA,30,72.9,27,36.33333333,6.566666667,0-20,40-60,20-40,92.46,HIDED,320,,4.75
R3SB,Remnant,S,3/09/2024,10:15,Cocos nucifera,Coconut,31.5,,,,,779.412375,,,,,19,,,,N,509.3021435,684.2685198,509.3021435,239.3720074,,,,,0,0,Sunny/Cloudy,HIDED,HIDED,NA,NA,NA,30,72.9,27,36.33333333,6.566666667,0-20,40-60,20-40,92.46,HIDED,320,,4.75
R3SB,Remnant,S,3/09/2024,10:15,Alstonia scholaris,Dita,5.3,,,,,22.064695,,,,,7.7,,,,N,5.103822544,4.889095548,5.103822544,2.398796596,,,,,0,0,Sunny/Cloudy,HIDED,HIDED,NA,NA,NA,30,72.9,27,36.33333333,6.566666667,0-20,40-60,20-40,92.46,HIDED,320,,4.75
R3SB,Remnant,S,3/09/2024,10:15,Artocarpus nitidus (A. lamellosus) ,Kubi,7.5,,,,,44.184375,,,,,NA,,,,N,NA,14.96277352,14.96277352,7.032503554,,,,,0,0,Sunny/Cloudy,HIDED,HIDED,NA,NA,NA,30,72.9,27,36.33333333,6.566666667,0-20,40-60,20-40,92.46,HIDED,320,,4.75
R3SB,Remnant,S,3/09/2024,10:15,Artocarpus blancoi,Antipolo,70.8,,,,,3937.42872,,,,,29,,,,N,3227.346845,4408.768551,3227.346845,1516.853017,,,,,0,0,Sunny/Cloudy,HIDED,HIDED,NA,NA,NA,30,72.9,27,36.33333333,6.566666667,0-20,40-60,20-40,92.46,HIDED,320,,4.75
R3SB,Remnant,S,3/09/2024,10:15,Polyscias nodosa ,Malapapaya,6.7,,,,,35.261095,,,,,NA,,,,N,NA,7.41008124,7.41008124,3.482738183,,,,,0,0,Sunny/Cloudy,HIDED,HIDED,NA,NA,NA,30,72.9,27,36.33333333,6.566666667,0-20,40-60,20-40,92.46,HIDED,320,,4.75
R3SB,Remnant,S,3/09/2024,10:15,Acacia mangium,Mangium,43.5,,,,,1486.362375,,,,,17,,,,E,908.1497962,1648.153577,908.1497962,426.8304042,,,,,0,0,Sunny/Cloudy,HIDED,HIDED,NA,NA,NA,30,72.9,27,36.33333333,6.566666667,0-20,40-60,20-40,92.46,HIDED,320,,4.75
R3SB,Remnant,S,3/09/2024,10:15,Morinda citrifolia,Noni,5,,,,,19.6375,,,,,NA,,,,E,NA,6.787487699,6.787487699,3.190119219,,,,,0,0,Sunny/Cloudy,HIDED,HIDED,NA,NA,NA,30,72.9,27,36.33333333,6.566666667,0-20,40-60,20-40,92.46,HIDED,320,,4.75
R3SB,Remnant,S,3/09/2024,10:15,Acacia mangium,Mangium,36.9,,,,,1069.544655,,,,,17,,,,E,658.6609663,1087.359071,658.6609663,309.5706542,,,,,0,0,Sunny/Cloudy,HIDED,HIDED,NA,NA,NA,30,72.9,27,36.33333333,6.566666667,0-20,40-60,20-40,92.46,HIDED,320,,4.75
R3SB,Remnant,S,3/09/2024,10:15,Macaranga tanarius (Linn.),Binonga,7.3,,,,,41.859295,,,,,NA,,,,N,NA,12.48138651,12.48138651,5.86625166,,,,,0,0,Sunny/Cloudy,HIDED,HIDED,NA,NA,NA,30,72.9,27,36.33333333,6.566666667,0-20,40-60,20-40,92.46,HIDED,320,,4.75
R4NB,Remnant,N,3/09/2024,11:50,Artocarpus blancoi,Antipolo,21,12.43414634,7.941272246,,,346.4055,6960.69254,174017.3135,,,NA,10.43333333,,,N,NA,204.8726066,204.8726066,96.2901251,4226.750436,105668.7609,,,0,0,Sunny/Cloudy,HIDED,HIDED,NA,NA,NA,29,77.2,26,73.33333333,5.433333333,0-20,0-20,20-40,92.46,HIDED,345,,5
R4NB,Remnant,N,3/09/2024,11:50,Artocarpus blancoi,Antipolo,18.2,,,,,260.18902,,,,,NA,,,,N,NA,140.5441179,140.5441179,66.05573541,,,,,0,0,Sunny/Cloudy,HIDED,HIDED,NA,NA,NA,29,77.2,26,73.33333333,5.433333333,0-20,0-20,20-40,92.46,HIDED,345,,5
R4NB,Remnant,N,3/09/2024,11:50,Flueggea flexuosa,Anislag,14.3,,,,,160.626895,,,,,NA,,,,N,NA,155.3661171,155.3661171,73.02207504,,,,,0,0,Sunny/Cloudy,HIDED,HIDED,NA,NA,NA,29,77.2,26,73.33333333,5.433333333,0-20,0-20,20-40,92.46,HIDED,345,,5
R4NB,Remnant,N,3/09/2024,11:50,Cocos nucifera,Coconut,29.9,,,,,702.244855,,,,,14.7,,,,N,358.1143028,598.2463319,358.1143028,168.3137223,,,,,0,0,Sunny/Cloudy,HIDED,HIDED,NA,NA,NA,29,77.2,26,73.33333333,5.433333333,0-20,0-20,20-40,92.46,HIDED,345,,5
R4NB,Remnant,N,3/09/2024,11:50,Sandoricum vidalii ,Santol,5.1,,,,,20.430855,,,,,NA,,,,N,NA,5.104093858,5.104093858,2.398924113,,,,,0,0,Sunny/Cloudy,HIDED,HIDED,NA,NA,NA,29,77.2,26,73.33333333,5.433333333,0-20,0-20,20-40,92.46,HIDED,345,,5
R4NB,Remnant,N,3/09/2024,11:50,Artocarpus nitidus (A. lamellosus) ,Kubi,6.5,,,,,33.187375,,,,,NA,,,,N,NA,10.26389816,10.26389816,4.824032135,,,,,0,0,Sunny/Cloudy,HIDED,HIDED,NA,NA,NA,29,77.2,26,73.33333333,5.433333333,0-20,0-20,20-40,92.46,HIDED,345,,5
R4NB,Remnant,N,3/09/2024,11:50,Syzigium huchinsonii,Malatambis,14.2,,,,,158.38822,,,,,6.4,,,,N,53.7918745,123.6948179,53.7918745,25.28218102,,,,,0,0,Sunny/Cloudy,HIDED,HIDED,NA,NA,NA,29,77.2,26,73.33333333,5.433333333,0-20,0-20,20-40,92.46,HIDED,345,,5
R4NB,Remnant,N,3/09/2024,11:50,Radermachera pinnata,Banai-banai,16.5,,,,,213.852375,,,,,9.1,,,,N,64.77684118,116.0234374,64.77684118,30.44511535,,,,,0,0,Sunny/Cloudy,HIDED,HIDED,NA,NA,NA,29,77.2,26,73.33333333,5.433333333,0-20,0-20,20-40,92.46,HIDED,345,,5
R4NB,Remnant,N,3/09/2024,11:50,Psydrax dicoccos Gaertn.,Bagosalak,9.7,,,,,73.907695,,,,,NA,,,,E,NA,30.08376659,30.08376659,14.1393703,,,,,0,0,Sunny/Cloudy,HIDED,HIDED,NA,NA,NA,29,77.2,26,73.33333333,5.433333333,0-20,0-20,20-40,92.46,HIDED,345,,5
R4NB,Remnant,N,3/09/2024,11:50,Flueggea flexuosa,Anislag,26.5,,,,,551.617375,,,,,NA,,,,N,NA,787.6601426,787.6601426,370.200267,,,,,0,0,Sunny/Cloudy,HIDED,HIDED,NA,NA,NA,29,77.2,26,73.33333333,5.433333333,0-20,0-20,20-40,92.46,HIDED,345,,5
R4NB,Remnant,N,3/09/2024,11:50,Caryota rumphiana,Pugahan,6.5,,,,,33.187375,,,,,NA,,,,E,NA,10.44396654,10.44396654,4.908664274,,,,,0,0,Sunny/Cloudy,HIDED,HIDED,NA,NA,NA,29,77.2,26,73.33333333,5.433333333,0-20,0-20,20-40,92.46,HIDED,345,,5
R4NB,Remnant,N,3/09/2024,11:50,Syzigium huchinsonii,Malatambis,8.4,,,,,55.42488,,,,,NA,,,,N,NA,30.70542212,30.70542212,14.4315484,,,,,0,0,Sunny/Cloudy,HIDED,HIDED,NA,NA,NA,29,77.2,26,73.33333333,5.433333333,0-20,0-20,20-40,92.46,HIDED,345,,5
R4NB,Remnant,N,3/09/2024,11:50,Cananga odorata,Ilang-Ilang,6.5,,,,,33.187375,,,,,NA,,,,N,NA,6.201105135,6.201105135,2.914519413,,,,,0,0,Sunny/Cloudy,HIDED,HIDED,NA,NA,NA,29,77.2,26,73.33333333,5.433333333,0-20,0-20,20-40,92.46,HIDED,345,,5
R4NB,Remnant,N,3/09/2024,11:50,Cratoxylum sumatranum,Paguringon,5,,,,,19.6375,,,,,NA,,,,N,NA,6.356536099,6.356536099,2.987571967,,,,,0,0,Sunny/Cloudy,HIDED,HIDED,NA,NA,NA,29,77.2,26,73.33333333,5.433333333,0-20,0-20,20-40,92.46,HIDED,345,,5
R4NB,Remnant,N,3/09/2024,11:50,Macaranga tanarius (Linn.),Binonga,15,,,,,176.7375,,,,,NA,,,,N,NA,84.26018054,84.26018054,39.60228485,,,,,0,0,Sunny/Cloudy,HIDED,HIDED,NA,NA,NA,29,77.2,26,73.33333333,5.433333333,0-20,0-20,20-40,92.46,HIDED,345,,5
R4NB,Remnant,N,3/09/2024,11:50,Polyscias nodosa ,Malapapaya,6.3,,,,,31.176495,,,,,NA,,,,N,NA,6.303457565,6.303457565,2.962625056,,,,,0,0,Sunny/Cloudy,HIDED,HIDED,NA,NA,NA,29,77.2,26,73.33333333,5.433333333,0-20,0-20,20-40,92.46,HIDED,345,,5
R4NB,Remnant,N,3/09/2024,11:50,Polyscias nodosa ,Malapapaya,7.5,,,,,44.184375,,,,,NA,,,,N,NA,9.975182347,9.975182347,4.688335703,,,,,0,0,Sunny/Cloudy,HIDED,HIDED,NA,NA,NA,29,77.2,26,73.33333333,5.433333333,0-20,0-20,20-40,92.46,HIDED,345,,5
R4NB,Remnant,N,3/09/2024,11:50,Polyscias nodosa ,Malapapaya,5.2,,,,,21.23992,,,,,NA,,,,N,NA,3.81753496,3.81753496,1.794241431,,,,,0,0,Sunny/Cloudy,HIDED,HIDED,NA,NA,NA,29,77.2,26,73.33333333,5.433333333,0-20,0-20,20-40,92.46,HIDED,345,,5
R4NB,Remnant,N,3/09/2024,11:50,Macaranga tanarius (Linn.),Binonga,6,,,,,28.278,,,,,NA,,,,N,NA,7.453202061,7.453202061,3.503004969,,,,,0,0,Sunny/Cloudy,HIDED,HIDED,NA,NA,NA,29,77.2,26,73.33333333,5.433333333,0-20,0-20,20-40,92.46,HIDED,345,,5
R4NB,Remnant,N,3/09/2024,11:50,Radermachera pinnata,Banai-banai,11.7,,,,,107.527095,,,,,NA,,,,N,NA,46.61010455,46.61010455,21.90674914,,,,,0,0,Sunny/Cloudy,HIDED,HIDED,NA,NA,NA,29,77.2,26,73.33333333,5.433333333,0-20,0-20,20-40,92.46,HIDED,345,,5
R4NB,Remnant,N,3/09/2024,11:50,Fagrea racemosa ,Malacape,8.5,,,,,56.752375,,,,,NA,,,,E,NA,27.77664682,27.77664682,13.05502401,,,,,0,0,Sunny/Cloudy,HIDED,HIDED,NA,NA,NA,29,77.2,26,73.33333333,5.433333333,0-20,0-20,20-40,92.46,HIDED,345,,5
R4NB,Remnant,N,3/09/2024,11:50,Macaranga tanarius (Linn.),Binonga,8,,,,,50.272,,,,,NA,,,,N,NA,15.8963341,15.8963341,7.471277027,,,,,0,0,Sunny/Cloudy,HIDED,HIDED,NA,NA,NA,29,77.2,26,73.33333333,5.433333333,0-20,0-20,20-40,92.46,HIDED,345,,5
R4NB,Remnant,N,3/09/2024,11:50,Artocarpus blancoi,Antipolo,8.5,,,,,56.752375,,,,,NA,,,,N,NA,18.66243459,18.66243459,8.771344257,,,,,0,0,Sunny/Cloudy,HIDED,HIDED,NA,NA,NA,29,77.2,26,73.33333333,5.433333333,0-20,0-20,20-40,92.46,HIDED,345,,5
R4NB,Remnant,N,3/09/2024,11:50,Syzigium huchinsonii,Malatambis,6.5,,,,,33.187375,,,,,NA,,,,N,NA,15.60967844,15.60967844,7.336548867,,,,,0,0,Sunny/Cloudy,HIDED,HIDED,NA,NA,NA,29,77.2,26,73.33333333,5.433333333,0-20,0-20,20-40,92.46,HIDED,345,,5
R4NB,Remnant,N,3/09/2024,11:50,Polyscias nodosa ,Malapapaya,6.5,,,,,33.187375,,,,,NA,,,,N,NA,6.84259877,6.84259877,3.216021422,,,,,0,0,Sunny/Cloudy,HIDED,HIDED,NA,NA,NA,29,77.2,26,73.33333333,5.433333333,0-20,0-20,20-40,92.46,HIDED,345,,5
R4NB,Remnant,N,3/09/2024,11:50,Artocarpus nitidus (A. lamellosus) ,Kubi,6.2,,,,,30.19462,,,,,NA,,,,N,NA,9.06649116,9.06649116,4.261250845,,,,,0,0,Sunny/Cloudy,HIDED,HIDED,NA,NA,NA,29,77.2,26,73.33333333,5.433333333,0-20,0-20,20-40,92.46,HIDED,345,,5
R4NB,Remnant,N,3/09/2024,11:50,Homalanthus populneus,Balanti,5.5,,,,,23.761375,,,,,NA,,,,N,NA,5.246577465,5.246577465,2.465891409,,,,,0,0,Sunny/Cloudy,HIDED,HIDED,NA,NA,NA,29,77.2,26,73.33333333,5.433333333,0-20,0-20,20-40,92.46,HIDED,345,,5
R4NB,Remnant,N,3/09/2024,11:50,Homalanthus populneus,Balanti,7,,,,,38.4895,,,,,NA,,,,N,NA,9.874942315,9.874942315,4.641222888,,,,,0,0,Sunny/Cloudy,HIDED,HIDED,NA,NA,NA,29,77.2,26,73.33333333,5.433333333,0-20,0-20,20-40,92.46,HIDED,345,,5
R4NB,Remnant,N,3/09/2024,11:50,Ficus nota ,Tibig,18,,,,,254.502,,,,,NA,,,,N,NA,123.8055324,123.8055324,58.18860023,,,,,0,0,Sunny/Cloudy,HIDED,HIDED,NA,NA,NA,29,77.2,26,73.33333333,5.433333333,0-20,0-20,20-40,92.46,HIDED,345,,5
R4NB,Remnant,N,3/09/2024,11:50,Ficus congesta,Malatibig,7,,,,,38.4895,,,,,NA,,,,E,NA,10.13480922,10.13480922,4.763360333,,,,,0,0,Sunny/Cloudy,HIDED,HIDED,NA,NA,NA,29,77.2,26,73.33333333,5.433333333,0-20,0-20,20-40,92.46,HIDED,345,,5
R4NB,Remnant,N,3/09/2024,11:50,Macaranga tanarius (Linn.),Binonga,7,,,,,38.4895,,,,,NA,,,,N,NA,11.17427683,11.17427683,5.25191011,,,,,0,0,Sunny/Cloudy,HIDED,HIDED,NA,NA,NA,29,77.2,26,73.33333333,5.433333333,0-20,0-20,20-40,92.46,HIDED,345,,5
R4NB,Remnant,N,3/09/2024,11:50,Artocarpus nitidus (A. lamellosus) ,Kubi,16.9,,,,,224.346655,,,,,NA,,,,N,NA,128.987706,128.987706,60.62422182,,,,,0,0,Sunny/Cloudy,HIDED,HIDED,NA,NA,NA,29,77.2,26,73.33333333,5.433333333,0-20,0-20,20-40,92.46,HIDED,345,,5
R4NB,Remnant,N,3/09/2024,11:50,Artocarpus blancoi,Antipolo,17.5,,,,,240.559375,,,,,12.5,,,,N,92.74162913,126.7150745,92.74162913,43.58856569,,,,,0,0,Sunny/Cloudy,HIDED,HIDED,NA,NA,NA,29,77.2,26,73.33333333,5.433333333,0-20,0-20,20-40,92.46,HIDED,345,,5
R4NB,Remnant,N,3/09/2024,11:50,Cratoxylum sumatranum,Paguringon,5.8,,,,,26.42422,,,,,NA,,,,N,NA,9.358202005,9.358202005,4.398354942,,,,,0,0,Sunny/Cloudy,HIDED,HIDED,NA,NA,NA,29,77.2,26,73.33333333,5.433333333,0-20,0-20,20-40,92.46,HIDED,345,,5
R4NB,Remnant,N,3/09/2024,11:50,Cratoxylum sumatranum,Paguringon,24.5,,,,,471.496375,,,,,10.7,,,,N,209.2653824,420.90357,209.2653824,98.35472973,,,,,0,0,Sunny/Cloudy,HIDED,HIDED,NA,NA,NA,29,77.2,26,73.33333333,5.433333333,0-20,0-20,20-40,92.46,HIDED,345,,5
R4NB,Remnant,N,3/09/2024,11:50,Artocarpus blancoi,Antipolo,27.7,,,,,602.706295,,,,,9.2,,,,N,168.5224272,422.1832682,168.5224272,79.20554078,,,,,0,0,Sunny/Cloudy,HIDED,HIDED,NA,NA,NA,29,77.2,26,73.33333333,5.433333333,0-20,0-20,20-40,92.46,HIDED,345,,5
R4NB,Remnant,N,3/09/2024,11:50,Cocos nucifera,Coconut,35,,,,,962.2375,,,,,NA,,,,N,NA,896.475747,896.475747,421.3436011,,,,,0,0,Sunny/Cloudy,HIDED,HIDED,NA,NA,NA,29,77.2,26,73.33333333,5.433333333,0-20,0-20,20-40,92.46,HIDED,345,,5
R4NB,Remnant,N,3/09/2024,11:50,Polyscias nodosa ,Malapapaya,7.2,,,,,40.72032,,,,,NA,,,,N,NA,8.956656639,8.956656639,4.20962862,,,,,0,0,Sunny/Cloudy,HIDED,HIDED,NA,NA,NA,29,77.2,26,73.33333333,5.433333333,0-20,0-20,20-40,92.46,HIDED,345,,5
R4NB,Remnant,N,3/09/2024,11:50,Dendrocnide meyeniana,Lipang kalaban,7.5,,,,,44.184375,,,,,NA,,,,N,NA,15.22527832,15.22527832,7.15588081,,,,,0,0,Sunny/Cloudy,HIDED,HIDED,NA,NA,NA,29,77.2,26,73.33333333,5.433333333,0-20,0-20,20-40,92.46,HIDED,345,,5
R4NB,Remnant,N,3/09/2024,11:50,Calophyllum blancoi,Bitang hol,23.5,,,,,433.792375,,,,,NA,,,,N,NA,294.3137216,294.3137216,138.3274492,,,,,0,0,Sunny/Cloudy,HIDED,HIDED,NA,NA,NA,29,77.2,26,73.33333333,5.433333333,0-20,0-20,20-40,92.46,HIDED,345,,5
R4NB,Remnant,N,3/09/2024,11:50,Cratoxylum sumatranum,Paguringon,15.5,,,,,188.716375,,,,,NA,,,,N,NA,126.1089107,126.1089107,59.27118803,,,,,0,0,Sunny/Cloudy,HIDED,HIDED,NA,NA,NA,29,77.2,26,73.33333333,5.433333333,0-20,0-20,20-40,92.46,HIDED,345,,5
